model_name,lang,split,n,bleu_sentence,rougeL_f1,meteor,chrfpp,bertscore_precision,bertscore_recall,bertscore_f1,bert_cosine,e5_cosine,expansion_ratio,expansion_abs_distance_from_1,bleu_corpus
HuggingFaceTB/SmolLM3-3B,ca,test,1779,0.23859448786048887,0.48032066902596976,0.4196715529379903,0.5219346803120869,0.8271881051784556,0.8402934146101653,0.8331448064552659,0.8560329514349894,0.9224473709735795,1.1511193180736938,0.245709801356115,0.2386728934264023
HuggingFaceTB/SmolLM3-3B,en,test,1779,0.4511086211133688,0.6330274235286825,0.6324898555903847,0.6790616054623866,0.8841523192718231,0.8906570751389605,0.8871963146096069,0.9156516621861985,0.9175359467363813,1.0150220579249523,0.08034179614216884,0.45457320793037004
HuggingFaceTB/SmolLM3-3B,en_bt,test,1779,0.4451318154443533,0.6317320260599097,0.6323088251654089,0.6736546340164784,0.8827373073836804,0.8917669735308642,0.8870250370946072,0.9140968235977048,0.9167717699926847,1.0247841929118353,0.08691375129414529,0.446469610291018
HuggingFaceTB/SmolLM3-3B,es,test,1779,0.3345397439906774,0.5434885057793741,0.48608691953030786,0.5863259128738836,0.8536400971887084,0.8658047786852562,0.8592742539108839,0.8868828893645953,0.9216730375180022,1.0737288938164,0.1570438073784179,0.3640534465124246
HuggingFaceTB__SmolLM3-3B__CA-silver-filtered__CA-silver-filtered,ca,test,1779,0.30711906658069077,0.45886339018821154,0.5007150319229725,0.5530828894856541,0.8091486115144705,0.8362304357211867,0.8215299982780684,0.8375511103429575,0.9244559945652765,1.5565962439702916,0.6081721875119072,0.2574092368259226
HuggingFaceTB__SmolLM3-3B__CA-silver-filtered__CA-silver-filtered,en,test,1779,0.1070100648458871,0.24028215353917753,0.4220365124955687,0.4029296201236153,0.6357006186042494,0.7762430783333975,0.6983824211134544,0.673621234982921,0.9095523333268061,5.261881838385516,4.262851898604289,0.1083433496063691
HuggingFaceTB__SmolLM3-3B__CA-silver-filtered__CA-silver-filtered,en_bt,test,1779,0.10551310951494161,0.23807396827173402,0.420958783189238,0.3989793156811136,0.6340286839269667,0.7757786580054126,0.6971862080259361,0.6708467886848621,0.9084460004921239,5.366522976281701,4.367421292767761,0.1067781216018517
HuggingFaceTB__SmolLM3-3B__CA-silver-filtered__CA-silver-filtered,es,test,1779,0.0759526746105682,0.20533154743597531,0.2752864974579441,0.3402837439884193,0.6451467533437236,0.7495762424029414,0.6928061198625356,0.6521293526288162,0.8935986034249643,3.9766100777530373,2.979646521322013,0.06515513711494321
HuggingFaceTB__SmolLM3-3B__CA-silver__CA-silver,ca,test,1779,0.34823644869697035,0.5060275981187191,0.532095183969149,0.5916951341667639,0.8431683806236572,0.8526551932548793,0.8475741157041231,0.8721412460813367,0.9302802132447828,1.086936598961161,0.1514558755751344,0.3748766024340762
HuggingFaceTB__SmolLM3-3B__CA-silver__CA-silver,en,test,1779,0.1282992476720895,0.27642562474915944,0.43595696613153206,0.4231372098865396,0.6649443332300621,0.7772532905200146,0.7154387259764776,0.6952895103310386,0.9115054593989526,4.7205619463799,3.7345295401695395,0.12510986977737237
HuggingFaceTB__SmolLM3-3B__CA-silver__CA-silver,en_bt,test,1779,0.12890199589117968,0.27584706318865615,0.4379134047695041,0.4220055670845454,0.663698974873257,0.7779669048010197,0.715031248170248,0.6937498759191447,0.910598486377122,4.808274424792122,3.819088380653776,0.12507330381269338
HuggingFaceTB__SmolLM3-3B__CA-silver__CA-silver,es,test,1779,0.12871505023482663,0.2879732864006051,0.3451134258605351,0.4059556802198224,0.6887644431174237,0.7670283773228183,0.7247928842659276,0.7058649171162616,0.8983387772858712,3.2984514497728386,2.317810020371213,0.10032532241621064
HuggingFaceTB__SmolLM3-3B__EN-backtrans-from-CA__EN-backtrans-from-CA,ca,test,1779,0.11866293588629667,0.3044582150361388,0.2196925496267107,0.3799093201664204,0.8333709871185971,0.8180480203379266,0.8253847897689351,0.7478228802088608,0.8915104011661086,0.9733209618472768,0.09457861702035286,0.12789539731798732
HuggingFaceTB__SmolLM3-3B__EN-backtrans-from-CA__EN-backtrans-from-CA,en,test,1779,0.5210943618999099,0.6765129346765291,0.6648590846180811,0.707602904031528,0.9068257999326353,0.9022775534634646,0.9043976979821233,0.926549304463074,0.9183408438388788,0.9756530414187253,0.06508967881269459,0.5290420042823823
HuggingFaceTB__SmolLM3-3B__EN-backtrans-from-CA__EN-backtrans-from-CA,en_bt,test,1779,0.5616668390459271,0.6940759308611819,0.6891217961579447,0.727432563067067,0.9106010419388311,0.9085836662811936,0.9094371582900225,0.9295975594724276,0.9185816766238736,0.9826570881139713,0.06349670930360825,0.5741447080737803
HuggingFaceTB__SmolLM3-3B__EN-backtrans-from-CA__EN-backtrans-from-CA,es,test,1779,0.23634634864957998,0.4221849647189317,0.34992187261985563,0.48084066836696704,0.86424479476517,0.8599310589680985,0.861923488255898,0.8348662754737507,0.9031545047749289,0.9702585337360917,0.0869354346637225,0.26489645762498387
HuggingFaceTB__SmolLM3-3B__EN-gold__EN-gold,ca,test,1779,0.12811920305218294,0.31354673369213737,0.23464720193419342,0.3930827173737758,0.8335191357866173,0.8178061144682984,0.8253415173329015,0.7538665769273073,0.8925683031998839,0.969113979214744,0.0937188239845036,0.14046888400914745
HuggingFaceTB__SmolLM3-3B__EN-gold__EN-gold,en,test,1779,0.5297657815551186,0.6766042358229393,0.6730366555164449,0.7098163294177696,0.9058816087185633,0.9017637304002613,0.9036796017601759,0.9253069751044215,0.9187973783617948,0.9833136792962676,0.06726688291910544,0.5416039757189546
HuggingFaceTB__SmolLM3-3B__EN-gold__EN-gold,en_bt,test,1779,0.5086821339654183,0.6682067411517915,0.6673210881263553,0.7028288723196517,0.9027364802802795,0.9008893790105678,0.901663898617582,0.922849563080786,0.9182505552992518,0.9896975155435193,0.06859931464862613,0.5207683438279275
HuggingFaceTB__SmolLM3-3B__EN-gold__EN-gold,es,test,1779,0.24341164223081552,0.424703016572837,0.3564247588577627,0.4864611459181642,0.864471181783199,0.8604434795631594,0.8622812824747815,0.8383567069540404,0.9042945325609135,0.9719938498206886,0.08780021284538403,0.2756479390726184
HuggingFaceTB__SmolLM3-3B__ES-silver-filtered__ES-silver-filtered,ca,test,1779,0.05706405845386299,0.19175305147443972,0.22991765464215694,0.30977081391115724,0.6584206302223613,0.751537967793656,0.7007944114158635,0.6414879937062041,0.8975494254365807,4.208382287875664,3.2179637698525543,0.04551099182389476
HuggingFaceTB__SmolLM3-3B__ES-silver-filtered__ES-silver-filtered,en,test,1779,0.10804512776772325,0.2392229920222524,0.42464686514329614,0.4053765457217469,0.635889419013694,0.7761197109581581,0.698471068665846,0.6678834120968609,0.9107651815379584,5.273631436469109,4.274187873889033,0.11065652112663531
HuggingFaceTB__SmolLM3-3B__ES-silver-filtered__ES-silver-filtered,en_bt,test,1779,0.10659364562957771,0.2380366737671989,0.4230842021278042,0.4014736347421528,0.6342746161757861,0.7761375448085941,0.6975088323549717,0.6652934221386441,0.9097059643489716,5.380841305850669,4.381507866279734,0.10891174777081236
HuggingFaceTB__SmolLM3-3B__ES-silver-filtered__ES-silver-filtered,es,test,1779,0.2535911579608241,0.38798750339067156,0.4635370341768695,0.4983577870893742,0.735108371059703,0.8183674188461647,0.7730999541054823,0.7613065974674846,0.9107936815708926,3.2211575541251207,2.241407794431783,0.1575618277380338
HuggingFaceTB__SmolLM3-3B__ES-silver__ES-silver,ca,test,1779,0.162369877661669,0.4018051235500726,0.3338072042870867,0.4631190892068784,0.8644775672197476,0.8516369980664117,0.8578109906053463,0.7953965279947445,0.9140577262676854,0.9838906693285466,0.0855803260855911,0.17820332864171656
HuggingFaceTB__SmolLM3-3B__ES-silver__ES-silver,en,test,1779,0.14281089434234615,0.3220346266996369,0.2517574669759239,0.4134822198632083,0.8536234775106849,0.8590400299374611,0.8561572994389783,0.7822975954894205,0.9001456762445716,0.9996134887278246,0.08025110046296688,0.15617274314740862
HuggingFaceTB__SmolLM3-3B__ES-silver__ES-silver,en_bt,test,1779,0.14413370951477314,0.3249297424874806,0.2573255812919712,0.41550410776585817,0.8562954779151051,0.8637707257552252,0.85985126814995,0.7843853031871961,0.9002919758619252,1.0078900523781598,0.08239806768943768,0.15637097466272748
HuggingFaceTB__SmolLM3-3B__ES-silver__ES-silver,es,test,1779,0.513209293421126,0.6441516367937821,0.6366865554869469,0.6848310102938767,0.8989364092037744,0.8969686397881639,0.8977995600976456,0.9239625148789276,0.9305666718608948,0.9881270193956629,0.06877150134202756,0.5345061278991338
Qwen/Qwen3-4B-Instruct-2507,ca,test,1779,0.36345768416163626,0.5608109289819789,0.537969334869798,0.6069036228686774,0.8638340781216142,0.8761492730728222,0.869731209162851,0.9032936633269796,0.9356253999816762,1.02444759763814,0.08793447164498269,0.36976294346039823
Qwen/Qwen3-4B-Instruct-2507,en,test,1779,0.4838944824649228,0.65494537802759,0.6567834283043168,0.6977844000807765,0.890689398948901,0.8997380201437287,0.8950187263025066,0.9227502403666693,0.9184814953549382,1.0229190878121495,0.07362454487095385,0.4762737595177126
Qwen/Qwen3-4B-Instruct-2507,en_bt,test,1779,0.48245601477529015,0.6575028535340621,0.662959335684842,0.6977869522720384,0.8915060290866785,0.9029657876578658,0.8970227714935805,0.9233868986518949,0.918099502588404,1.032315346022936,0.07898592420931193,0.4753460798036857
Qwen/Qwen3-4B-Instruct-2507,es,test,1779,0.403816641985742,0.5854393291717103,0.5782829693402652,0.6325172982790991,0.8763630984873501,0.8861875612458331,0.8810822323442109,0.9118689505017963,0.9271299305626889,1.0435837345924497,0.08932140717890931,0.40095668314928223
Qwen__Qwen3-4B-Instruct-2507__CA-silver-filtered_10__CA-silver-filtered,ca,test,1779,0.5128404097131339,0.6443564399326519,0.633664651167603,0.6812035497042325,0.8952686602041385,0.8909868074642802,0.8929358448387198,0.9183643441511179,0.9376699112318017,0.9774421227363096,0.06665246650873971,0.5225621326925619
Qwen__Qwen3-4B-Instruct-2507__CA-silver-filtered_10__CA-silver-filtered,en,test,1779,0.5155954099438257,0.6792186673673006,0.6504246517420988,0.7009531560644237,0.9059832119553058,0.9025642217512275,0.9041230670182205,0.9277215794675333,0.9173895192655571,0.9659397583763383,0.06706758362815195,0.5140390532270126
Qwen__Qwen3-4B-Instruct-2507__CA-silver-filtered_10__CA-silver-filtered,en_bt,test,1779,0.5222330507188944,0.6851212171859651,0.6604162426781149,0.7080182784704496,0.9071680682974629,0.9059836931480593,0.9064230536597039,0.9294016274459714,0.9173213468300218,0.9728302527491605,0.0664387487484751,0.525018716952245
Qwen__Qwen3-4B-Instruct-2507__CA-silver-filtered_10__CA-silver-filtered,es,test,1779,0.420881155552903,0.6005558073186784,0.5673291157350135,0.6313336353001479,0.8852586586398982,0.8848820103226651,0.8849207258010058,0.9117523178148297,0.926648157141462,0.9867392837910747,0.07407594195649662,0.4287636239068571
Qwen__Qwen3-4B-Instruct-2507__CA-silver-filtered__CA-silver-filtered,ca,test,1779,0.5128404097131339,0.6443564399326519,0.633664651167603,0.6812035497042325,0.8952686602041385,0.8909868074642802,0.8929358448387198,0.9183643441511179,0.9376699112318017,0.9774421227363096,0.06665246650873971,0.5225621326925619
Qwen__Qwen3-4B-Instruct-2507__CA-silver-filtered__CA-silver-filtered,en,test,1779,0.5155954099438257,0.6792186673673006,0.6504246517420988,0.7009531560644237,0.9059832119553058,0.9025642217512275,0.9041230670182205,0.9277215794675333,0.9173895192655571,0.9659397583763383,0.06706758362815195,0.5140390532270126
Qwen__Qwen3-4B-Instruct-2507__CA-silver-filtered__CA-silver-filtered,en_bt,test,1779,0.5222330507188944,0.6851212171859651,0.6604162426781149,0.7080182784704496,0.9071680682974629,0.9059836931480593,0.9064230536597039,0.9294016274459714,0.9173213468300218,0.9728302527491605,0.0664387487484751,0.525018716952245
Qwen__Qwen3-4B-Instruct-2507__CA-silver-filtered__CA-silver-filtered,es,test,1779,0.420881155552903,0.6005558073186784,0.5673291157350135,0.6313336353001479,0.8852586586398982,0.8848820103226651,0.8849207258010058,0.9117523178148297,0.926648157141462,0.9867392837910747,0.07407594195649662,0.4287636239068571
Qwen__Qwen3-4B-Instruct-2507__CA-silver__CA-silver,ca,test,1779,0.5148453135553761,0.6465479663048267,0.6377010212247177,0.684309809187678,0.8964861577116016,0.8924176785770328,0.8942639027303896,0.9200096004058833,0.9384062939845423,0.9797502768334322,0.0667740143084938,0.5233659080543775
Qwen__Qwen3-4B-Instruct-2507__CA-silver__CA-silver,en,test,1779,0.5136445050853606,0.6751731531796942,0.6475225153510461,0.7003200786123042,0.9046941846525354,0.9015233648701154,0.9029488515961096,0.9266577126136852,0.9170808383693448,0.9666805398682188,0.06916063772080341,0.5147650582147653
Qwen__Qwen3-4B-Instruct-2507__CA-silver__CA-silver,en_bt,test,1779,0.516536287641181,0.6804254698625535,0.6570858922375471,0.706805491132455,0.9059540710803027,0.9046585756516845,0.9051429605872662,0.9284102496570118,0.9169412153098206,0.9747860405044835,0.06963584283254265,0.520679392447764
Qwen__Qwen3-4B-Instruct-2507__CA-silver__CA-silver,es,test,1779,0.42388400785535946,0.6015827633483457,0.5729393070297549,0.6354190870596657,0.8853626440856617,0.8861570422940204,0.8856059694772627,0.9127708718708354,0.9271496300150532,0.9879086749992902,0.07354973834758004,0.4323272548069854
Qwen__Qwen3-4B-Instruct-2507__EN-backtrans-from-CA__EN-backtrans-from-CA,ca,test,1779,0.2811034798786854,0.47445631052000703,0.4100279926681158,0.5244431329628757,0.8601704609735821,0.8539935684793782,0.8568361103702221,0.8435066363964274,0.9164069180343847,0.968805126540174,0.07973024170183972,0.3062679393518079
Qwen__Qwen3-4B-Instruct-2507__EN-backtrans-from-CA__EN-backtrans-from-CA,en,test,1779,0.5327213463000461,0.6839540852419826,0.6753836633470324,0.7128454899340887,0.908084816045477,0.9042523648713398,0.9060168980613996,0.9284499081552129,0.9186751237071049,0.9762048507123949,0.06087516410213446,0.5366800248936079
Qwen__Qwen3-4B-Instruct-2507__EN-backtrans-from-CA__EN-backtrans-from-CA,en_bt,test,1779,0.5766891646083346,0.703118006590674,0.7015933295825818,0.7349221288704973,0.9130692386841627,0.9114338278837456,0.9120994509104063,0.931789701007738,0.9189815158720698,0.9841456214018373,0.06008402148570884,0.5858740285744005
Qwen__Qwen3-4B-Instruct-2507__EN-backtrans-from-CA__EN-backtrans-from-CA,es,test,1779,0.22140846905085992,0.4000787799665512,0.3267006965059403,0.46165239531288843,0.8636067575990249,0.8596497500726786,0.861454292821911,0.8284957199501415,0.9006719053160146,0.9641652297691876,0.08627960458664373,0.25655519886233896
Qwen__Qwen3-4B-Instruct-2507__EN-gold__EN-gold,ca,test,1779,0.1598503891799192,0.34470006237150974,0.2693883077827655,0.4184436890386603,0.8416660331889041,0.829356557770751,0.8352215603672433,0.7732829577873235,0.8979610970276269,0.9696591503733996,0.08800032920077495,0.17766085066215653
Qwen__Qwen3-4B-Instruct-2507__EN-gold__EN-gold,en,test,1779,0.546643424280787,0.6939423425031187,0.6911910983740003,0.7222934859781086,0.9105904066810586,0.9069851058262529,0.9086468810442795,0.9308790220780075,0.919418658280118,0.9816911685196874,0.06082614227289785,0.5565663192888197
Qwen__Qwen3-4B-Instruct-2507__EN-gold__EN-gold,en_bt,test,1779,0.5313149512053071,0.6860230563618113,0.6859641754335507,0.7187910298499209,0.9080185774606959,0.9066139823469705,0.9071639307500808,0.9289322121549417,0.9188186096434784,0.9860063509341029,0.06231997244674313,0.5421842375518963
Qwen__Qwen3-4B-Instruct-2507__EN-gold__EN-gold,es,test,1779,0.16013836000605935,0.33631101519050927,0.25977949553606083,0.4146623230785104,0.8544848613219023,0.8512383732921692,0.8526850002679079,0.8019373216543256,0.8938095265053979,0.9704254459677574,0.0862268269415822,0.1796661102412683
Qwen__Qwen3-4B-Instruct-2507__ES-silver-filtered_10__ES-silver-filtered,ca,test,1779,0.25651315748045495,0.4752564014867463,0.41239151814298186,0.5251883998486205,0.867749032812081,0.8583420652764242,0.8628075559397907,0.8403479968181415,0.9227838074980056,0.9757573404133018,0.08280678858507419,0.2635745382120423
Qwen__Qwen3-4B-Instruct-2507__ES-silver-filtered_10__ES-silver-filtered,en,test,1779,0.30181923471843464,0.4710685139366436,0.4124110107561258,0.532619014548528,0.8767497333802153,0.8759052598322289,0.8761598014509899,0.8451496968113887,0.9109553083266483,0.9788728872676822,0.07253495147002274,0.3551578901822801
Qwen__Qwen3-4B-Instruct-2507__ES-silver-filtered_10__ES-silver-filtered,en_bt,test,1779,0.3040421690064577,0.47393736016908455,0.4210663627987603,0.5362911160742003,0.8778793828885431,0.8794905125860286,0.8785094923688964,0.8467715853650359,0.910935338190796,0.9861855995148006,0.07291810109920122,0.3591996581863399
Qwen__Qwen3-4B-Instruct-2507__ES-silver-filtered_10__ES-silver-filtered,es,test,1779,0.49816227757139364,0.6399406413200235,0.6264903196022451,0.675386359766628,0.897319206801474,0.8952063324747627,0.8961043208753747,0.92106885813541,0.9302177125647739,0.9844068608028427,0.06901871751881411,0.5153771330027355
Qwen__Qwen3-4B-Instruct-2507__ES-silver-filtered__ES-silver-filtered,ca,test,1779,0.25651315748045495,0.4752564014867463,0.41239151814298186,0.5251883998486205,0.867749032812081,0.8583420652764242,0.8628075559397907,0.8403479968181415,0.9227838074980056,0.9757573404133018,0.08280678858507419,0.2635745382120423
Qwen__Qwen3-4B-Instruct-2507__ES-silver-filtered__ES-silver-filtered,en,test,1779,0.30181923471843464,0.4710685139366436,0.4124110107561258,0.532619014548528,0.8767497333802153,0.8759052598322289,0.8761598014509899,0.8451496968113887,0.9109553083266483,0.9788728872676822,0.07253495147002274,0.3551578901822801
Qwen__Qwen3-4B-Instruct-2507__ES-silver-filtered__ES-silver-filtered,en_bt,test,1779,0.3040421690064577,0.47393736016908455,0.4210663627987603,0.5362911160742003,0.8778793828885431,0.8794905125860286,0.8785094923688964,0.8467715853650359,0.910935338190796,0.9861855995148006,0.07291810109920122,0.3591996581863399
Qwen__Qwen3-4B-Instruct-2507__ES-silver-filtered__ES-silver-filtered,es,test,1779,0.49816227757139364,0.6399406413200235,0.6264903196022451,0.675386359766628,0.897319206801474,0.8952063324747627,0.8961043208753747,0.92106885813541,0.9302177125647739,0.9844068608028427,0.06901871751881411,0.5153771330027355
Qwen__Qwen3-4B-Instruct-2507__ES-silver__ES-silver,ca,test,1779,0.3581731982953967,0.5511892936786755,0.5069831641996948,0.5904252368013779,0.8697211310862155,0.8663944852291834,0.8678360014500546,0.8910444477021259,0.9311621294991899,0.9780720239891852,0.08575752398304923,0.36543688957619
Qwen__Qwen3-4B-Instruct-2507__ES-silver__ES-silver,en,test,1779,0.5220131314196467,0.6787461920789052,0.6560928498301369,0.7018072121967632,0.9061844785807172,0.9018243207832345,0.9038403826593482,0.9262056581889598,0.91729535401169,0.9686752754359516,0.06871922013990177,0.5261489228730771
Qwen__Qwen3-4B-Instruct-2507__ES-silver__ES-silver,en_bt,test,1779,0.5270061670684961,0.6852838216778946,0.6674157380464235,0.7079398494857571,0.9071626573080692,0.9052091486806478,0.9060267173151678,0.9281414829994468,0.9171736410925266,0.9727640243847392,0.06791913081888476,0.5351969086339496
Qwen__Qwen3-4B-Instruct-2507__ES-silver__ES-silver,es,test,1779,0.5051090382342224,0.6443672771748841,0.6335559776625834,0.6793705109549781,0.8983838266372145,0.8963499825077154,0.8972072772526755,0.9214573736402545,0.9302449785570807,0.9836427296462402,0.06842365377962568,0.5240167789089212
