kind,lang,source_token,source_query_text,mt_nllb,mt_madlad,mt_salamandra,vote_threshold,sim_nllb_madlad,sim_nllb_salamandra,sim_madlad_salamandra,agree_nllb_madlad,agree_nllb_salamandra,agree_madlad_salamandra,mt_voted,final_text,final_source,processed_at,cos_en_nllb,cos_en_madlad,cos_en_salamandra,gte_winner,lang_nllb,lang_madlad,lang_salamandra,output_token
relation,en,%1QuilòmetresQuadratsamountInUnits(integer),%1Quilòmetres Quadratsamount In Units(integer),%1Square Kilometersamount In Units ((integer)),%1 square kilometres,%1 Square Kilometersamount In Units(integer),0.9,0.0,0.0,0.0,0,0,0,%1 Square Kilometersamount In Units(integer),%1 Square Kilometersamount In Units(integer),mt_vote_revoted_gte_langfilter,2026-03-19T13:41:06,,,0.8252791166305542,salamandra,en,en,ro,%1SquareKilometersamountInUnits(integer)
relation,en,1rNúmeroDePista,1r Número De Pista,Track number one,1st Track Number,1st Track Number,0.9,0.0,0.0,0.0,0,0,0,1st Track Number,1st Track Number,mt_vote,2026-03-19T13:14:03,,,,,en,en,en,1stTrackNumber
relation,en,3aLongitudDeLaPistaEnPeus,3a Longitud De La Pista En Peus,3rd Length of the Piste In Peus,3rd Track Length In Feet,3rd Length Of The Track In Feet,0.9,0.0,0.0,0.0,0,0,0,3rd Track Length In Feet,3rd Track Length In Feet,mt_vote_revoted_gte_langfilter,2026-03-19T13:41:06,,0.7933626174926758,,madlad,en,fr,en,3rdTrackLengthInFeet
relation,en,5èNúmeroDePista,5è Número De Pista,Fifth track number,5th Track Number,5th Track Number,0.9,0.0,0.0,0.0,0,0,0,5th Track Number,5th Track Number,mt_vote,2026-03-19T13:14:05,,,,,en,en,en,5thTrackNumber
relation,en,AL'oficinaMentreElGovernador,AL'oficina Mentre El Governador,In the office While the governor,In the office While The Governor,In The Governor's Office,0.9,0.0,0.0,0.0,0,0,0,In the office While the governor,In the office While the governor,mt_vote,2026-03-19T13:14:05,,,,,en,en,en,InTheOfficeWhileTheGovernor
relation,en,AL'oficinaMentreElPresident,AL'oficina Mentre El President,In the office While the President,IN THE OFFICE WHEN THE PRESIDENT,In The Office While The President,0.9,0.0,0.0,0.0,0,0,0,In the office While the President,In the office While the President,mt_vote,2026-03-19T13:14:06,,,,,en,en,en,InTheOfficeWhileThePresident
relation,en,AL'oficinaMentreElVicepresident,AL'oficina Mentre El Vicepresident,In the office While the Vice President,IN THE OFFICE WHEN THE VICE PRESIDENT,In The Office While The Vice President,0.9,0.0,0.0,0.0,0,0,0,In the office While the Vice President,In the office While the Vice President,mt_vote,2026-03-19T13:14:07,,,,,en,en,en,InTheOfficeWhileTheVicePresident
relation,en,AL'oficinaMentreMonarch,AL'oficina Mentre Monarch,In the office While Monarch,In the office While Monarch,In the office While Monarch,0.9,0.0,0.0,0.0,0,0,0,In the office While Monarch,In the office While Monarch,mt_vote,2026-03-19T13:14:08,,,,,en,en,en,InTheOfficeWhileMonarch
relation,en,Abreviació,Abreviació,Abbreviation,Abbreviation,Abbreviation,0.9,0.0,0.0,0.0,0,0,0,Abbreviation,Abbreviation,mt_vote,2026-03-19T13:14:09,,,,,en,en,en,Abbreviation
relation,en,Adreça,Adreça,Address,Address,Address,0.9,0.0,0.0,0.0,0,0,0,Address,Address,mt_vote,2026-03-19T13:14:09,,,,,en,en,en,Address
relation,en,Afiliació,Afiliació,Membership,Affiliation,Membership,0.9,0.0,0.0,0.0,0,0,0,Membership,Membership,mt_vote,2026-03-19T13:14:10,,,,,en,en,en,Membership
relation,en,Alcalde,Alcalde,Mayor,Mayor,Mayor,0.9,1.0,1.0,1.0,1,1,1,Mayor,Mayor,mt_vote_revoted_gte_langfilter,2026-03-19T13:41:06,0.9154720306396484,0.9154720306396484,0.9154720306396484,nllb,tr,tr,tr,Mayor
relation,en,AlmaMater,Alma Mater,Alma Mater,Alma Mater,Alma Mater,0.9,0.0,0.0,0.0,0,0,0,Alma Mater,Alma Mater,mt_vote,2026-03-19T13:14:10,,,,,en,en,en,AlmaMater
relation,en,Alçada,Alçada,Height,Height,Height,0.9,0.0,0.0,0.0,0,0,0,Height,Height,mt_vote,2026-03-19T13:14:11,,,,,en,en,en,Height
relation,en,Amplada,Amplada,Large,Width,Width,0.9,0.0,0.0,0.0,0,0,0,Width,Width,mt_vote,2026-03-19T13:14:11,,,,,en,en,en,Width
relation,en,Antecedents,Antecedents,Background,Background,Background,0.9,0.0,0.0,0.0,0,0,0,Background,Background,mt_vote,2026-03-19T13:14:12,,,,,en,en,en,Background
relation,en,AnteriorNom,Anterior Nom,Previous name,Previous Name,Previous Name,0.9,0.0,0.0,0.0,0,0,0,Previous name,Previous name,mt_vote_revoted_gte_langfilter,2026-03-19T13:41:06,0.8363574743270874,,,nllb,fr,en,en,PreviousName
relation,en,AnticEquip,Antic Equip,Old team,Antic Equip,Former Team,0.9,0.0,0.0,0.0,0,0,0,Old team,Old team,mt_vote,2026-03-19T13:14:12,,,,,en,en,en,OldTeam
relation,en,AnticMembreDeLaBanda,Antic Membre De La Banda,Former member of The Band,Former member of the band,Former Band Member,0.9,0.0,0.0,0.0,0,0,0,Former member of The Band,Former member of The Band,mt_vote,2026-03-19T13:14:13,,,,,en,en,en,FormerMemberOfTheBand
relation,en,Any,Any,Year,Any,Year,0.9,0.0,0.0,0.0,0,0,0,Year,Year,mt_vote,2026-03-19T13:14:13,,,,,en,en,en,Year
relation,en,AnyD'iniciDeProducció,Any D'inici De Producció,Year of start of production,Year Of Start Of Production,Year Of Start Of Production,0.9,0.0,0.0,0.0,0,0,0,Year of start of production,Year of start of production,mt_vote,2026-03-19T13:14:14,,,,,en,en,en,YearOfStartOfProduction
relation,en,AnyDeConstrucció,Any De Construcció,Year of construction,Year of Construction,Year Built,0.9,0.0,0.0,0.0,0,0,0,Year of construction,Year of construction,mt_vote,2026-03-19T13:14:14,,,,,en,en,en,YearOfConstruction
relation,en,AnyDeDissolució,Any De Dissolució,Year of Dissolution,Year Of Dissolution,Year Of Dissolution,0.9,0.0,0.0,0.0,0,0,0,Year of Dissolution,Year of Dissolution,mt_vote,2026-03-19T13:14:15,,,,,en,en,en,YearOfDissolution
relation,en,AnyDeFundació,Any De Fundació,Year of foundation,Year of Foundation,Foundation Year,0.9,0.0,0.0,0.0,0,0,0,Year of foundation,Year of foundation,mt_vote,2026-03-19T13:14:16,,,,,en,en,en,YearOfFoundation
relation,en,AnyDeL'Esborrany,Any De L'Esborrany,Year of the Draft,Year Of Draft,Year Of The Draft,0.9,0.0,0.0,0.0,0,0,0,Year of the Draft,Year of the Draft,mt_vote,2026-03-19T13:14:16,,,,,en,en,en,YearOfTheDraft
relation,en,AnyDeLaMort,Any De La Mort,Year of death,Year of Death,Year Of Death,0.9,0.0,0.0,0.0,0,0,0,Year of death,Year of death,mt_vote,2026-03-19T13:14:17,,,,,en,en,en,YearOfDeath
relation,en,AnyDeNaixement,Any De Naixement,Year of Birth,Year of Birth,Birth Year,0.9,0.0,0.0,0.0,0,0,0,Year of Birth,Year of Birth,mt_vote,2026-03-19T13:14:17,,,,,en,en,en,YearOfBirth
relation,en,AnysActiusAnyD'inici,Anys Actius Any D'inici,Active years Starting year,Active Years Starting Year,Active Years Start Year,0.9,0.0,0.0,0.0,0,0,0,Active years Starting year,Active years Starting year,mt_vote,2026-03-19T13:14:18,,,,,en,en,en,ActiveYearsStartingYear
relation,en,AnysActiusDataD'inici,Anys Actius Data D'inici,Active years Start date,Years Active Start Date,Active Years Start Date,0.9,0.0,0.0,0.0,0,0,0,Active years Start date,Active years Start date,mt_vote,2026-03-19T13:14:18,,,,,en,en,en,ActiveYearsStartDate
relation,en,AnysActiusFinD'any,Anys Actius Fin D'any,Active years End of year,Active Years New Year's Eve,Active Years End of Year,0.9,0.0,0.0,0.0,0,0,0,Active years End of year,Active years End of year,mt_vote,2026-03-19T13:14:19,,,,,en,en,en,ActiveYearsEndOfYear
relation,en,AnysDeModel,Anys De Model,Model years,Years of Model,Model Years,0.9,0.0,0.0,0.0,0,0,0,Model Years,Model Years,mt_vote_revoted_gte_langfilter,2026-03-19T13:41:06,,,0.7681418657302856,salamandra,en,en,es,ModelYears
relation,en,Apoapsis,Apoapsis,Apoptosis,Apoapsis,Apoapsis,0.9,0.0,0.0,0.0,0,0,0,Apoapsis,Apoapsis,mt_vote,2026-03-19T13:14:20,,,,,en,en,en,Apoapsis
relation,en,Arquitecte,Arquitecte,Architect,Architect,Architect,0.9,0.0,0.0,0.0,0,0,0,Architect,Architect,mt_vote,2026-03-19T13:14:21,,,,,en,en,en,Architect
relation,en,Arquitectura,Arquitectura,Architecture,Architecture,Architecture,0.9,1.0,1.0,1.0,1,1,1,Architecture,Architecture,mt_vote_revoted_gte_langfilter,2026-03-19T13:41:06,0.9121461510658264,0.9121461510658264,0.9121461510658264,nllb,fr,fr,fr,Architecture
relation,en,ArrondissementAdministratiu,Arrondissement Administratiu,Administrative district,Arrondissement Administratiu,Administrative Arrondissement,0.9,0.4706,0.7308,0.4912,0,0,0,Arrondissement Administratiu,Arrondissement Administratiu,mt_vote_revoted_gte_langfilter,2026-03-19T13:41:06,0.855043351650238,1.0,0.9509583711624146,madlad,it,fr,fr,ArrondissementAdministratiu
relation,en,Artista,Artista,Artist,Artist,Artist,0.9,0.0,0.0,0.0,0,0,0,Artist,Artist,mt_vote,2026-03-19T13:14:22,,,,,en,en,en,Artist
relation,en,ArtistaMusical,Artista Musical,Musical artist,Artista Musical,Musical Artist,0.9,0.0,0.0,0.0,0,0,0,Musical artist,Musical artist,mt_vote,2026-03-19T13:14:23,,,,,en,en,en,MusicalArtist
relation,en,Assemblea,Assemblea,Assembly,Assembly,Assembly,0.9,1.0,1.0,1.0,1,1,1,Assembly,Assembly,mt_vote_revoted_gte_langfilter,2026-03-19T13:41:06,0.794082522392273,0.794082522392273,0.794082522392273,nllb,fr,fr,fr,Assembly
relation,en,AssessorDoctoral,Assessor Doctoral,Doctoral advisor,Assessor Doctoral,Doctoral Advisor,0.9,0.0,1.0,0.0,0,1,0,Doctoral Advisor,Doctoral Advisor,mt_vote_revoted_gte_langfilter,2026-03-19T13:41:06,0.812556266784668,,0.8323611617088318,salamandra,es,en,es,DoctoralAdvisor
relation,en,Autor,Autor,Author,Author,Author,0.9,0.0,0.0,0.0,0,0,0,Author,Author,mt_vote,2026-03-19T13:14:24,,,,,en,en,en,Author
relation,en,AvióD'atac,Avió D'atac,Attack aircraft,Attack Plane,Attack aircraft,0.9,0.0,0.0,0.0,0,0,0,Attack Plane,Attack Plane,mt_vote_revoted_gte_langfilter,2026-03-19T13:41:06,,0.8520037531852722,,madlad,en,fi,en,AttackPlane
relation,en,AvióDeCombat,Avió De Combat,Fighter aircraft,Fighter aircraft,Fighter Plane,0.9,1.0,0.6207,0.6207,1,0,0,Fighter aircraft,Fighter aircraft,mt_vote_revoted_gte_langfilter,2026-03-19T13:41:06,0.8054767847061157,0.8054767847061157,0.8306459784507751,nllb,nl,nl,de,FighterAircraft
relation,en,AvióDeTransport,Avió De Transport,Transport aircraft,Aircraft transport,Transport Aircraft,0.9,0.0,0.0,0.0,0,0,0,Transport aircraft,Transport aircraft,mt_vote_revoted_gte_langfilter,2026-03-19T13:41:06,0.8813999891281128,,,nllb,fr,en,en,TransportAircraft
relation,en,BackupPilot,Backup Pilot,Backup Pilot,Backup Pilot,Backup Pilot,0.9,1.0,1.0,1.0,1,1,1,Backup Pilot,Backup Pilot,mt_vote_revoted_gte_langfilter,2026-03-19T13:41:06,1.0000001192092896,1.0000001192092896,1.0000001192092896,nllb,ro,ro,ro,BackupPilot
relation,en,BandaAssociada/artistaMusicalAssociat,Banda Associada/artista Musical Associat,Associated band/artist Musical Associate,Associated Band/Associated Musical Artist,Associated Band/Associated Musical Artist,0.9,0.0,0.0,0.0,0,0,0,Associated Band/Associated Musical Artist,Associated Band/Associated Musical Artist,mt_vote,2026-03-19T13:14:27,,,,,en,en,en,AssociatedBand/AssociatedMusicalArtist
relation,en,BandaMusical,Banda Musical,Musical band,Banda Musical,Musical Band,0.9,0.0,0.0,0.0,0,0,0,Banda Musical,Banda Musical,mt_vote_revoted_gte_langfilter,2026-03-19T13:41:06,,1.0,,madlad,en,es,en,BandaMusical
relation,en,Batalla,Batalla,Battle,Batalla,Battle,0.9,0.0,0.0,0.0,0,0,0,Batalla,Batalla,mt_vote_revoted_gte_langfilter,2026-03-19T13:41:06,,1.0,,madlad,en,it,en,Batalla
relation,en,BeamDeVaixell,Beam De Vaixell,Beam from Vaixell,Ship's Beam,Boat Beam,0.9,0.0,0.0,0.0,0,0,0,Boat Beam,Boat Beam,mt_vote,2026-03-19T13:14:29,,,,,en,en,en,BoatBeam
relation,en,BrancaMilitar,Branca Militar,Military branch,Branca Militar,Military Branch,0.9,0.0,0.0,0.0,0,0,0,Branca Militar,Branca Militar,mt_vote_revoted_gte_langfilter,2026-03-19T13:41:06,,1.0,,madlad,en,it,en,BrancaMilitar
relation,en,CampProfessional,Camp Professional,Professional field,Camp Professional,Professional field,0.9,0.0,0.0,0.0,0,0,0,Professional field,Professional field,mt_vote,2026-03-19T13:14:30,,,,,en,en,en,ProfessionalField
relation,en,Campions,Campions,Champions,Champs,Champions,0.9,0.0,0.0,0.0,0,0,0,Champions,Champions,mt_vote,2026-03-19T13:14:30,,,,,en,en,en,Champions
relation,en,Campus,Campus,Campus,Campus,Campus,0.9,0.0,0.0,0.0,0,0,0,Campus,Campus,mt_vote,2026-03-19T13:14:31,,,,,en,en,en,Campus
relation,en,CanalDeDesplaçamentTemporal,Canal De Desplaçament Temporal,Channel of Temporal Displacement,Time Shift Channel,Temporal Displacement Channel,0.9,0.0,0.0,0.0,0,0,0,Temporal Displacement Channel,Temporal Displacement Channel,mt_vote,2026-03-19T13:14:31,,,,,en,en,en,TemporalDisplacementChannel
relation,en,Canceller,Canceller,Chancellor,Canceller,Chancellor,0.9,0.0,0.0,0.0,0,0,0,Chancellor,Chancellor,mt_vote,2026-03-19T13:14:32,,,,,en,en,en,Chancellor
relation,en,Cap,Cap,Head,No,,0.9,0.0,0.0,0.0,0,0,0,,,mt_vote,2026-03-19T13:14:32,,,,,en,en,und,
relation,en,Capital,Capital,Capital,Capital,Capital,0.9,0.0,0.0,0.0,0,0,0,Capital,Capital,mt_vote,2026-03-19T13:14:33,,,,,en,en,en,Capital
relation,en,CapitalDelComtat,Capital Del Comtat,Capital of the County,Capital del Comtat,County Seat,0.9,0.0,0.0,0.0,0,0,0,Capital del Comtat,Capital del Comtat,mt_vote_revoted_gte_langfilter,2026-03-19T13:41:06,,0.9729421138763428,,madlad,en,ca,en,CapitalDelComtat
relation,en,CausaDeLaMort,Causa De La Mort,Cause of death,Cause of death,Cause of death,0.9,0.0,0.0,0.0,0,0,0,Cause of death,Cause of death,mt_vote,2026-03-19T13:14:34,,,,,en,en,en,CauseOfDeath
relation,en,Certificació,Certificació,Certified,Certification,Certification,0.9,0.0,0.0,0.0,0,0,0,Certification,Certification,mt_vote,2026-03-19T13:14:34,,,,,en,en,en,Certification
relation,en,ChristeningDate,Christening Date,Christening Date,Christening Date,Date of Christening,0.9,0.0,0.0,0.0,0,0,0,Christening Date,Christening Date,mt_vote,2026-03-19T13:14:35,,,,,en,en,en,ChristeningDate
relation,en,Cinematografia,Cinematografia,Cinematography,Cinematography,Cinematography,0.9,0.0,0.0,0.0,0,0,0,Cinematography,Cinematography,mt_vote,2026-03-19T13:14:35,,,,,en,en,en,Cinematography
relation,en,Ciutadania,Ciutadania,Citizenship,Citizenship,Citizenship,0.9,1.0,1.0,1.0,1,1,1,Citizenship,Citizenship,mt_vote_revoted_gte_langfilter,2026-03-19T13:41:06,0.7563091516494751,0.7563091516494751,0.7563091516494751,nllb,eu,eu,eu,Citizenship
relation,en,Ciutat,Ciutat,City,City,City,0.9,0.0,0.0,0.0,0,0,0,City,City,mt_vote,2026-03-19T13:14:36,,,,,en,en,en,City
relation,en,CiutatMésGran,Ciutat Més Gran,Larger City,Larger City,Biggest City,0.9,1.0,0.0,0.0,1,0,0,Larger City,Larger City,mt_vote_revoted_gte_langfilter,2026-03-19T13:41:06,0.9056926369667052,0.9056926369667052,,nllb,da,da,en,LargerCity
relation,en,CiutatMésPropera,Ciutat Més Propera,Most populous city,Nearest City,Nearest City,0.9,0.0,0.0,0.0,0,0,0,Nearest City,Nearest City,mt_vote,2026-03-19T13:14:37,,,,,en,en,en,NearestCity
relation,en,CiutatServida,Ciutat Servida,City Served,Ciutat Servida,City Served,0.9,0.0,0.0,0.0,0,0,0,Ciutat Servida,Ciutat Servida,mt_vote_revoted_gte_langfilter,2026-03-19T13:41:06,,1.0000001192092896,,madlad,en,ca,en,CiutatServida
relation,en,Classe,Classe,Class,Class,Class,0.9,0.0,0.0,0.0,0,0,0,Class,Class,mt_vote,2026-03-19T13:14:38,,,,,en,en,en,Class
relation,en,ClasseDeVaixell,Classe De Vaixell,The class of Vaixell,Classe De Vaixell,Class Of Vessel,0.9,0.0,0.0,0.0,0,0,0,Classe De Vaixell,Classe De Vaixell,mt_vote_revoted_gte_langfilter,2026-03-19T13:41:06,,1.0,,madlad,en,da,en,ClasseDeVaixell
relation,en,ClassificacióDeL'Outlook,Classificació De L'Outlook,Classification of the Outlook,Outlook Classification,Outlook Classification,0.9,0.0,0.0,0.0,0,0,0,Outlook Classification,Outlook Classification,mt_vote,2026-03-19T13:14:39,,,,,en,en,en,OutlookClassification
relation,en,ClassificacióDeLaBibliotecaDelCongrés,Classificació De La Biblioteca Del Congrés,Classified by the Library of Congress,Library of Congress Classification,Library of Congress Classification,0.9,0.0,0.0,0.0,0,0,0,Library of Congress Classification,Library of Congress Classification,mt_vote,2026-03-19T13:14:40,,,,,en,en,en,LibraryOfCongressClassification
relation,en,ClubJuvenil,Club Juvenil,Youth Club,Youth club,Youth Club,0.9,0.0,0.0,0.0,0,0,0,Youth Club,Youth Club,mt_vote,2026-03-19T13:14:41,,,,,en,en,en,YouthClub
relation,en,CodenCode,Coden Code,Coden code,Coden Code,Coden Code,0.9,1.0,1.0,1.0,1,1,1,Coden Code,Coden Code,mt_vote_revoted_gte_langfilter,2026-03-19T13:41:06,0.9407544136047364,1.0,1.0,madlad,nl,de,de,CodenCode
relation,en,CodiD'Àrea,Codi D'Àrea,Area code,Area Code,Area Code,0.9,0.0,0.0,0.0,0,0,0,Area code,Area code,mt_vote_revoted_gte_langfilter,2026-03-19T13:41:06,0.7173188924789429,,,nllb,es,en,en,AreaCode
relation,en,CodiIso6391,Codi Iso6391,This is the ISO 6391 code.,ISO6391 Codes,Iso6391 code,0.9,0.0,0.0,0.0,0,0,0,ISO6391 Codes,ISO6391 Codes,mt_vote,2026-03-19T13:14:42,,,,,en,en,en,ISO6391Codes
relation,en,CodiIso6392,Codi Iso6392,The code is ISO 6392.,ISO6392 Codes,Iso6392 code,0.9,0.0,0.0,0.0,0,0,0,ISO6392 Codes,ISO6392 Codes,mt_vote,2026-03-19T13:14:43,,,,,en,en,en,ISO6392Codes
relation,en,Color,Color,Color,Color,Color,0.9,0.0,0.0,0.0,0,0,0,Color,Color,mt_vote,2026-03-19T13:14:43,,,,,en,en,en,Color
relation,en,ColorOficialDeL'escola,Color Oficial De L'escola,Official colour of the school,Official Color Of The School,Official School Color,0.9,0.0,0.0,0.0,0,0,0,Official School Color,Official School Color,mt_vote_revoted_gte_langfilter,2026-03-19T13:41:06,,,0.9341407418251038,salamandra,en,en,es,OfficialSchoolColor
relation,en,Col·legi,Col·legi,High school,School,College,0.9,0.0,0.0,0.0,0,0,0,School,School,mt_vote,2026-03-19T13:14:44,,,,,en,en,en,School
relation,en,ComandaDeVaixell,Comanda De Vaixell,Command by De Vaixell,Command of Ship,Boat Order,0.9,0.0,0.0,0.0,0,0,0,Command by De Vaixell,Command by De Vaixell,mt_vote,2026-03-19T13:14:45,,,,,en,en,en,CommandByDeVaixell
relation,en,Comandant,Comandant,Commander,Commander,Commander,0.9,1.0,1.0,1.0,1,1,1,Commander,Commander,mt_vote_revoted_gte_langfilter,2026-03-19T13:41:06,0.7662292122840881,0.7662292122840881,0.7662292122840881,nllb,sv,sv,sv,Commander
relation,en,CompanyiaDeDisseny,Companyia De Disseny,Design company,Design Company,Design Company,0.9,0.0,0.0,0.0,0,0,0,Design company,Design company,mt_vote,2026-03-19T13:14:46,,,,,en,en,en,DesignCompany
relation,en,CompanyiaDistribuïdora,Companyia Distribuïdora,Distribution company,Distributor Company,Distribution Company,0.9,0.0,0.0,0.0,0,0,0,Distributor Company,Distributor Company,mt_vote_revoted_gte_langfilter,2026-03-19T13:41:06,,0.884926974773407,,madlad,en,es,en,DistributorCompany
relation,en,Comparable,Comparable,Compared,Comparable,Comparable,0.9,0.0,0.0,1.0,0,0,1,Comparable,Comparable,mt_vote_revoted_gte_langfilter,2026-03-19T13:41:06,,1.0,1.0,salamandra,en,sl,sl,Comparable
relation,en,CompetirIn,Competir In,Competing In,Compete In,Competing In,0.9,0.0,0.0,0.0,0,0,0,Competing In,Competing In,mt_vote,2026-03-19T13:14:47,,,,,en,en,en,CompetingIn
relation,en,CompositorDeMúsica,Compositor De Música,Composer of music,Composer of Music,Musical Composer,0.9,0.0,0.0,0.0,0,0,0,Composer of music,Composer of music,mt_vote,2026-03-19T13:14:48,,,,,en,en,en,ComposerOfMusic
relation,en,CompteDeCilindres,Compte De Cilindres,Counting cylinders,Count of Cylinders,Cylinder Count,0.9,0.0,0.0,0.0,0,0,0,Counting cylinders,Counting cylinders,mt_vote,2026-03-19T13:14:49,,,,,en,en,en,CountingCylinders
relation,en,CompteDeLlits,Compte De Llits,Counting Beds,Bed Count,Beds Account,0.9,0.0,0.0,0.0,0,0,0,Bed Count,Bed Count,mt_vote,2026-03-19T13:14:49,,,,,en,en,en,BedCount
relation,en,CompteDePlantes,Compte De Plantes,Account of Plants,Count of Plants,Plant Account,0.9,0.0,0.0,0.0,0,0,0,Plant Account,Plant Account,mt_vote_revoted_gte_langfilter,2026-03-19T13:41:06,,,0.7754806876182556,salamandra,en,en,fr,PlantAccount
relation,en,ComtatCerimonial,Comtat Cerimonial,Ceremonial County,Ceremonial County,Ceremonial County,0.9,0.0,0.0,0.0,0,0,0,Ceremonial County,Ceremonial County,mt_vote,2026-03-19T13:14:50,,,,,en,en,en,CeremonialCounty
relation,en,ConegutPer,Conegut Per,Known For,Known By,Known By,0.9,0.0,0.0,0.0,0,0,0,Known By,Known By,mt_vote,2026-03-19T13:14:51,,,,,en,en,en,KnownBy
relation,en,Constructor,Constructor,Builder,Constructor,Constructor,0.9,0.0,0.0,0.0,0,0,0,Constructor,Constructor,mt_vote,2026-03-19T13:14:51,,,,,en,en,en,Constructor
relation,en,Cors,Cors,Choir,Cors,Cors,0.9,0.0,0.0,0.0,0,0,0,Choir,Choir,mt_vote_revoted_gte_langfilter,2026-03-19T13:41:06,0.6565626263618469,,,nllb,fr,en,en,Choir
relation,en,CosparId,Cospar Id,Spitting Id,Cospar Id,Cospar Id,0.9,0.5,0.5,1.0,0,0,1,Cospar Id,Cospar Id,mt_vote_revoted_gte_langfilter,2026-03-19T13:41:06,0.65763258934021,1.0,1.0,salamandra,mt,fr,fr,CosparId
relation,en,Costos,Costos,Costs,Costs 2000-2001,Costs,0.9,0.0,0.0,0.0,0,0,0,Costs,Costs,mt_vote,2026-03-19T13:14:53,,,,,en,en,en,Costs
relation,en,Creador,Creador,The creator,Creator,Creator,0.9,0.0,0.0,0.0,0,0,0,Creator,Creator,mt_vote,2026-03-19T13:14:53,,,,,en,en,en,Creator
relation,en,CreadorDeDish,Creador De Dish,Dish creator,Dish creator,Creator Of Dish,0.9,0.0,0.0,0.0,0,0,0,Dish creator,Dish creator,mt_vote,2026-03-19T13:14:54,,,,,en,en,en,DishCreator
relation,en,Currentclub,Currentclub,Currentclub,Currentclub,Currentclub,0.9,0.0,0.0,0.0,0,0,0,Currentclub,Currentclub,mt_vote,2026-03-19T13:14:54,,,,,en,en,en,Currentclub
relation,en,Currentteam,Currentteam,Current team,Currentteam,Currentteam,0.9,0.0,0.0,0.0,0,0,0,Currentteam,Currentteam,mt_vote,2026-03-19T13:14:54,,,,,en,en,en,Currentteam
relation,en,CòdiPostal,Còdi Postal,Postal code,Postal Code,Postal Code,0.9,0.0,0.0,0.0,0,0,0,Postal code,Postal code,mt_vote,2026-03-19T13:14:55,,,,,en,en,en,PostalCode
relation,en,Cònjuge,Cònjuge,Mourning,Spouse,Spouse,0.9,0.0,0.0,1.0,0,0,1,Spouse,Spouse,mt_vote_revoted_gte_langfilter,2026-03-19T13:41:06,,0.5857498645782471,0.5857498645782471,salamandra,en,fr,fr,Spouse
relation,en,DataD'Extinció,Data D'Extinció,Date of extinction,Extinction Date,Date of Extinction,0.9,0.0,0.0,0.0,0,0,0,Date of extinction,Date of extinction,mt_vote,2026-03-19T13:14:56,,,,,en,en,en,DateOfExtinction
relation,en,DataD'Inauguració,Data D'Inauguració,Date of opening,Opening Date,Opening Date,0.9,0.0,0.0,0.0,0,0,0,Opening Date,Opening Date,mt_vote,2026-03-19T13:14:57,,,,,en,en,en,OpeningDate
relation,en,DataD'IniciDeLaConstrucció,Data D'Inici De La Construcció,Date of start of construction,Construction Start Date,Construction Start Date,0.9,0.0,0.0,0.0,0,0,0,Construction Start Date,Construction Start Date,mt_vote,2026-03-19T13:14:57,,,,,en,en,en,ConstructionStartDate
relation,en,DataDeConstrucció,Data De Construcció,Date of construction,Build Date,Date of Construction,0.9,0.0,0.0,0.0,0,0,0,Date of construction,Date of construction,mt_vote,2026-03-19T13:14:58,,,,,en,en,en,DateOfConstruction
relation,en,DataDeFinalització,Data De Finalització,Date of completion,End Date,Completion Date,0.9,0.0,0.0,0.0,0,0,0,Completion Date,Completion Date,mt_vote,2026-03-19T13:14:58,,,,,en,en,en,CompletionDate
relation,en,DataDeFinalitzacióD'anysActiva,Data De Finalització D'anys Activa,Date of end of active years,Active Years End Date,Active Years End Date,0.9,0.0,0.0,0.0,0,0,0,Active Years End Date,Active Years End Date,mt_vote,2026-03-19T13:14:59,,,,,en,en,en,ActiveYearsEndDate
relation,en,DataDeFundació,Data De Fundació,Date of foundation,Foundation Date,Date of Foundation,0.9,0.0,0.0,0.0,0,0,0,Date of foundation,Date of foundation,mt_vote,2026-03-19T13:14:59,,,,,en,en,en,DateOfFoundation
relation,en,DataDeJubilació,Data De Jubilació,Date of retirement,Retirement Date,Retirement Date,0.9,0.0,0.0,0.0,0,0,0,Retirement Date,Retirement Date,mt_vote,2026-03-19T13:15:00,,,,,en,en,en,RetirementDate
relation,en,DataDeLlançament,Data De Llançament,Release date,Release Date,Release Date,0.9,0.0,0.0,0.0,0,0,0,Release date,Release date,mt_vote,2026-03-19T13:15:00,,,,,en,en,en,ReleaseDate
relation,en,DataDeMort,Data De Mort,Date of death,Date of Birth,Date Of Death,0.9,0.0,0.0,0.0,0,0,0,Date of death,Date of death,mt_vote,2026-03-19T13:15:01,,,,,en,en,en,DateOfDeath
relation,en,DataDeNaixement,Data De Naixement,Date of Birth,Date of Birth,Date of Birth,0.9,0.0,0.0,0.0,0,0,0,Date of Birth,Date of Birth,mt_vote,2026-03-19T13:15:01,,,,,en,en,en,DateOfBirth
relation,en,Dean,Dean,Dean,Dean,Dean,0.9,0.0,0.0,0.0,0,0,0,Dean,Dean,mt_vote,2026-03-19T13:15:02,,,,,en,en,en,Dean
relation,en,DebutDeL'equip,Debut De L'equip,Debut of the team,Debut Of The Team,Team Debut,0.9,0.0,0.0,0.0,0,0,0,Debut of the team,Debut of the team,mt_vote,2026-03-19T13:15:02,,,,,en,en,en,DebutOfTheTeam
relation,en,DedicatA,Dedicat A,Dedicated to,Dedicated to,Dedicated To,0.9,0.0,0.0,0.0,0,0,0,Dedicated to,Dedicated to,mt_vote,2026-03-19T13:15:03,,,,,en,en,en,DedicatedTo
relation,en,Demònim,Demònim,What the hell?,Daemon,Demonym,0.9,0.0,0.0,0.0,0,0,0,Demonym,Demonym,mt_vote_revoted_gte_langfilter,2026-03-19T13:41:06,,,0.8371274471282959,salamandra,en,en,pl,Demonym
relation,en,Densitat,Densitat,Density,Density,Density,0.9,1.0,1.0,1.0,1,1,1,Density,Density,mt_vote_revoted_gte_langfilter,2026-03-19T13:41:06,0.9388382434844972,0.9388382434844972,0.9388382434844972,nllb,da,da,da,Density
relation,en,DensitatDePoblació,Densitat De Població,Population density,Population Density,Population Density,0.9,1.0,1.0,1.0,1,1,1,Population Density,Population Density,mt_vote_revoted_gte_langfilter,2026-03-19T13:41:06,0.8994155526161194,0.9104699492454528,0.9104699492454528,madlad,de,da,da,PopulationDensity
relation,en,Derivada,Derivada,Derived,Derivative,Derived,0.9,0.7059,1.0,0.7059,0,1,0,Derived,Derived,mt_vote_revoted_gte_langfilter,2026-03-19T13:41:06,0.850220799446106,0.8422914147377014,0.850220799446106,salamandra,de,de,de,Derived
relation,en,Descobert,Descobert,Discovered,Discover,Discovered,0.9,0.0,0.0,0.0,0,0,0,Discovered,Discovered,mt_vote,2026-03-19T13:15:05,,,,,en,en,en,Discovered
relation,en,Descobridor,Descobridor,Discovered,Discoverer,Finder,0.9,0.0,0.0,0.0,0,0,0,Discoverer,Discoverer,mt_vote_revoted_gte_langfilter,2026-03-19T13:41:06,,0.9156872034072876,,madlad,en,de,en,Discoverer
relation,en,Desenvolupador,Desenvolupador,Developer,Developer,Developer,0.9,0.0,0.0,0.0,0,0,0,Developer,Developer,mt_vote,2026-03-19T13:15:06,,,,,en,en,en,Developer
relation,en,DesplaçamentDelVaixell,Desplaçament Del Vaixell,Displacement of the ship,Ship Move,Displacement Of The Vessel,0.9,0.0,0.0,0.0,0,0,0,Displacement Of The Vessel,Displacement Of The Vessel,mt_vote,2026-03-19T13:15:07,,,,,en,en,en,DisplacementOfTheVessel
relation,en,DesplaçamentUtc,Desplaçament Utc,Displacement Utc,Utc Offset,UTC offset,0.9,0.0,0.0,0.0,0,0,0,Utc Offset,Utc Offset,mt_vote,2026-03-19T13:15:08,,,,,en,en,en,UtcOffset
relation,en,Director,Director,Director,Director,Director,0.9,0.0,0.0,0.0,0,0,0,Director,Director,mt_vote,2026-03-19T13:15:08,,,,,en,en,en,Director
relation,en,DisciplinaAcadèmica,Disciplina Acadèmica,Academic discipline,Academic discipline,Academic Discipline,0.9,0.0,0.0,0.0,0,0,0,Academic discipline,Academic discipline,mt_vote,2026-03-19T13:15:09,,,,,en,en,en,AcademicDiscipline
relation,en,Disposició,Disposició,Disposition,Layout,Layout,0.9,0.0,0.0,0.0,0,0,0,Layout,Layout,mt_vote,2026-03-19T13:15:09,,,,,en,en,en,Layout
relation,en,DispositiuSimilar,Dispositiu Similar,Similar device,Similar Device,Similar Device,0.9,0.0,0.0,0.0,0,0,0,Similar device,Similar device,mt_vote_revoted_gte_langfilter,2026-03-19T13:41:06,0.8143444657325745,,,nllb,fr,en,en,SimilarDevice
relation,en,Dissenyador,Dissenyador,Designer,Designer,Designer,0.9,0.0,0.0,0.0,0,0,0,Designer,Designer,mt_vote,2026-03-19T13:15:10,,,,,en,en,en,Designer
relation,en,DistribucióEtiqueta,Distribució Etiqueta,Distribution Label,Label Distribution,Distribution Label,0.9,0.0,0.0,0.0,0,0,0,Distribution Label,Distribution Label,mt_vote,2026-03-19T13:15:10,,,,,en,en,en,DistributionLabel
relation,en,Distribuïdor,Distribuïdor,Distributor,Distributor,Distributor,0.9,1.0,1.0,1.0,1,1,1,Distributor,Distributor,mt_vote_revoted_gte_langfilter,2026-03-19T13:41:06,0.952704906463623,0.952704906463623,0.952704906463623,nllb,es,es,es,Distributor
relation,en,Districte,Districte,District,District,district,0.9,0.0,0.0,0.0,0,0,0,District,District,mt_vote,2026-03-19T13:15:11,,,,,en,en,en,District
relation,en,DistànciaEntreEixos,Distància Entre Eixos,Distance between axes,Distance Between Axis,Wheelbase,0.9,0.0,0.0,0.0,0,0,0,Distance between axes,Distance between axes,mt_vote,2026-03-19T13:15:12,,,,,en,en,en,DistanceBetweenAxes
relation,en,Divisió,Divisió,Division,Division,Division,0.9,0.0,0.0,0.0,0,0,0,Division,Division,mt_vote,2026-03-19T13:15:12,,,,,en,en,en,Division
relation,en,Diàmetre,Diàmetre,Diameters,Diameter,Diameter,0.9,0.0,0.0,0.0,0,0,0,Diameter,Diameter,mt_vote,2026-03-19T13:15:13,,,,,en,en,en,Diameter
relation,en,Edició,Edició,Published,Editing,Edition,0.9,0.0,0.0,0.0,0,0,0,Editing,Editing,mt_vote,2026-03-19T13:15:13,,,,,en,en,en,Editing
relation,en,EdificiSignificatiu,Edifici Significatiu,Significant building,Significant Building,Significant Building,0.9,1.0,1.0,1.0,1,1,1,Significant Building,Significant Building,mt_vote_revoted_gte_langfilter,2026-03-19T13:41:06,0.7517812252044678,0.7850638031959534,0.7850638031959534,madlad,fr,fr,fr,SignificantBuilding
relation,en,Editor,Editor,Publisher,Editor,Editor,0.9,0.0,0.0,0.0,0,0,0,Editor,Editor,mt_vote,2026-03-19T13:15:14,,,,,en,en,en,Editor
relation,en,ElDestí,El Destí,The Fate,El Destí,Fate,0.9,0.0,0.0,0.0,0,0,0,El Destí,El Destí,mt_vote_revoted_gte_langfilter,2026-03-19T13:41:06,,1.0000001192092896,,madlad,en,es,en,ElDestí
relation,en,ElevacióPerSobreDelNivellDelMar,Elevació Per Sobre Del Nivell Del Mar,Elevation from Sea Level,Elevation Above Sea Level,Elevation Above Sea Level,0.9,0.0,0.0,1.0,0,0,1,Elevation Above Sea Level,Elevation Above Sea Level,mt_vote_revoted_gte_langfilter,2026-03-19T13:41:06,,0.8231812715530396,0.8231812715530396,salamandra,en,fr,fr,ElevationAboveSeaLevel
relation,en,ElevacióSobreElNivellDelMarEnMetres,Elevació Sobre El Nivell Del Mar En Metres,Elevation from sea level in metres,Elevation above sea level in meters,Elevation Above Sea Level In Meters,0.9,0.0,0.0,0.0,0,0,0,Elevation Above Sea Level In Meters,Elevation Above Sea Level In Meters,mt_vote_revoted_gte_langfilter,2026-03-19T13:41:06,,,0.8759593963623047,salamandra,en,en,fr,ElevationAboveSeaLevelInMeters
relation,en,ElevacióSobreElNivellDelMarEnPeus,Elevació Sobre El Nivell Del Mar En Peus,Elevation from sea level in Peus,Elevation above sea level in feet,Elevation Above Sea Level In Feet,0.9,0.0,0.0,0.0,0,0,0,Elevation Above Sea Level In Feet,Elevation Above Sea Level In Feet,mt_vote_revoted_gte_langfilter,2026-03-19T13:41:06,,,0.7983660697937012,salamandra,en,en,fr,ElevationAboveSeaLevelInFeet
relation,en,EmpresaMatriu,Empresa Matriu,Parent company,Parent Company,Parent Company,0.9,0.0,0.0,0.0,0,0,0,Parent company,Parent company,mt_vote,2026-03-19T13:15:18,,,,,en,en,en,ParentCompany
relation,en,EnCàrrecMentrePrimerMinistre,En Càrrec Mentre Primer Ministre,En Carrec While Prime Minister,In Office While Prime Minister,In Charge While Prime Minister,0.9,0.0,0.0,0.0,0,0,0,En Carrec While Prime Minister,En Carrec While Prime Minister,mt_vote_revoted_gte_langfilter,2026-03-19T13:41:06,0.8099305033683777,,,nllb,fr,en,en,EnCarrecWhilePrimeMinister
relation,en,Entrenador,Entrenador,Coach,Coach,Trainer,0.9,0.0,0.0,0.0,0,0,0,Coach,Coach,mt_vote,2026-03-19T13:15:19,,,,,en,en,en,Coach
relation,en,EntrenadorAvió,Entrenador Avió,Aircraft trainer,Trainer Airplane,Trainer Aircraft,0.9,0.0,0.0,0.0,0,0,0,Trainer Aircraft,Trainer Aircraft,mt_vote,2026-03-19T13:15:19,,,,,en,en,en,TrainerAircraft
relation,en,EquipDeLaUniversitat,Equip De La Universitat,University team,Equip de la Universitat,University Team,0.9,0.0,0.0,0.0,0,0,0,Equip de la Universitat,Equip de la Universitat,mt_vote_revoted_gte_langfilter,2026-03-19T13:41:06,,0.9833781123161316,,madlad,en,ca,en,EquipDeLaUniversitat
relation,en,EscollidaD'Esborrany,Escollida D'Esborrany,Selected by Esborrany,Draft Choice,Selected From Draft,0.9,0.0,0.0,0.0,0,0,0,Selected From Draft,Selected From Draft,mt_vote,2026-03-19T13:15:20,,,,,en,en,en,SelectedFromDraft
relation,en,Escriptor,Escriptor,Writer,Writer,Writer,0.9,0.0,0.0,0.0,0,0,0,Writer,Writer,mt_vote,2026-03-19T13:15:21,,,,,en,en,en,Writer
relation,en,EsportsOferts,Esports Oferts,Sports Offered,Sports offers,Sports Offered,0.9,0.0,0.0,0.0,0,0,0,Sports Offered,Sports Offered,mt_vote,2026-03-19T13:15:21,,,,,en,en,en,SportsOffered
relation,en,Establert,Establert,Established,Established,Established,0.9,1.0,1.0,1.0,1,1,1,Established,Established,mt_vote_revoted_gte_langfilter,2026-03-19T13:41:06,0.8475247025489807,0.8475247025489807,0.8475247025489807,nllb,es,es,es,Established
relation,en,EstacióGermana,Estació Germana,German station,Estació Germana,Sister Station,0.9,0.0,0.0,0.0,0,0,0,Estació Germana,Estació Germana,mt_vote_revoted_gte_langfilter,2026-03-19T13:41:06,,1.0,,madlad,en,ca,en,EstacióGermana
relation,en,Estadi,Estadi,Stage,Estadi,Stadium,0.9,0.0,0.0,0.0,0,0,0,Estadi,Estadi,mt_vote_revoted_gte_langfilter,2026-03-19T13:41:06,,1.0,,madlad,en,es,en,Estadi
relation,en,Estat,Estat,State,State,Status,0.9,0.0,0.0,0.0,0,0,0,State,State,mt_vote,2026-03-19T13:15:23,,,,,en,en,en,State
relation,en,EstatD'Origen,Estat D'Origen,State of origin,Origin State,State of Origin,0.9,0.0,0.0,0.0,0,0,0,State of origin,State of origin,mt_vote,2026-03-19T13:15:23,,,,,en,en,en,StateOfOrigin
relation,en,Estatut,Estatut,The Statute,Statute,Statute,0.9,0.0,0.0,0.0,0,0,0,Statute,Statute,mt_vote,2026-03-19T13:15:24,,,,,en,en,en,Statute
relation,en,EstilArquitectònic,Estil Arquitectònic,Architectural style,Architectural Style,Architectural Style,0.9,1.0,1.0,1.0,1,1,1,Architectural Style,Architectural Style,mt_vote_revoted_gte_langfilter,2026-03-19T13:41:06,0.817706823348999,0.8296036720275879,0.8296036720275879,madlad,fr,fr,fr,ArchitecturalStyle
relation,en,EstilDelCos,Estil Del Cos,Body style,Body Style,Body Style,0.9,0.0,0.0,0.0,0,0,0,Body style,Body style,mt_vote,2026-03-19T13:15:25,,,,,en,en,en,BodyStyle
relation,en,EstudiantDeDoctorat,Estudiant De Doctorat,Doctoral student,Doctoral student,Doctoral Student,0.9,0.0,0.0,0.0,0,0,0,Doctoral student,Doctoral student,mt_vote,2026-03-19T13:15:25,,,,,en,en,en,DoctoralStudent
relation,en,EstàAlSeuNord-est,Està Al Seu Nord-est,It's in the Northeast Seat.,It's in your northeast.,It is located in the northeast.,0.9,0.0,0.0,0.0,0,0,0,It's in the Northeast Seat.,It's in the Northeast Seat.,mt_vote,2026-03-19T13:15:26,,,,,en,en,en,It'sInTheNortheastSeat.
relation,en,EtapesDelCoet,Etapes Del Coet,Stages of the Rocket,Stages of the Coet,Stages Of The Rocket,0.9,0.0,0.0,0.0,0,0,0,Stages of the Rocket,Stages of the Rocket,mt_vote,2026-03-19T13:15:27,,,,,en,en,en,StagesOfTheRocket
relation,en,EtiquetaDelRegistre,Etiqueta Del Registre,Label of the Registry,Log Label,Registry Tag,0.9,0.0,0.0,0.0,0,0,0,Log Label,Log Label,mt_vote_revoted_gte_langfilter,2026-03-19T13:41:06,,0.6036511063575745,,madlad,en,da,en,LogLabel
relation,en,Fabricant,Fabricant,Manufacturer,Manufacturer,Manufacturer,0.9,0.0,0.0,0.0,0,0,0,Manufacturer,Manufacturer,mt_vote,2026-03-19T13:15:28,,,,,en,en,en,Manufacturer
relation,en,FactorD'Impacte,Factor D'Impacte,Factor of Impact,Impact factor,Impact Factor,0.9,0.0,0.0,0.0,0,0,0,Impact factor,Impact factor,mt_vote,2026-03-19T13:15:29,,,,,en,en,en,ImpactFactor
relation,en,FalladesParcials,Fallades Parcials,Partial Failures,Partial Failures,Partial Failures,0.9,0.0,0.0,0.0,0,0,0,Partial Failures,Partial Failures,mt_vote,2026-03-19T13:15:29,,,,,en,en,en,PartialFailures
relation,en,Família,Família,Family,Family,Family,0.9,0.0,0.0,0.0,0,0,0,Family,Family,mt_vote,2026-03-19T13:15:29,,,,,en,en,en,Family
relation,en,Festa,Festa,Party,Party,Holiday,0.9,0.0,0.0,0.0,0,0,0,Party,Party,mt_vote,2026-03-19T13:15:30,,,,,en,en,en,Party
relation,en,Formació,Formació,Training,Training,Training,0.9,0.0,0.0,0.0,0,0,0,Training,Training,mt_vote,2026-03-19T13:15:30,,,,,en,en,en,Training
relation,en,Format,Format,Format,Format,Format,0.9,0.0,0.0,0.0,0,0,0,Format,Format,mt_vote,2026-03-19T13:15:31,,,,,en,en,en,Format
relation,en,Freqüència,Freqüència,Frequency,Frequency,Frequency,0.9,0.0,0.0,0.0,0,0,0,Frequency,Frequency,mt_vote,2026-03-19T13:15:31,,,,,en,en,en,Frequency
relation,en,Funció,Funció,Function,Function,Function,0.9,0.0,0.0,0.0,0,0,0,Function,Function,mt_vote,2026-03-19T13:15:31,,,,,en,en,en,Function
relation,en,Fundador,Fundador,Founder,Founder,Founder,0.9,0.0,0.0,0.0,0,0,0,Founder,Founder,mt_vote,2026-03-19T13:15:32,,,,,en,en,en,Founder
relation,en,FundatPer,Fundat Per,Founded by,Founded By,Founded By,0.9,0.0,0.0,0.0,0,0,0,Founded by,Founded by,mt_vote,2026-03-19T13:15:32,,,,,en,en,en,FoundedBy
relation,en,Fòssil,Fòssil,Fossil,Fossil,Fossil,0.9,0.0,0.0,0.0,0,0,0,Fossil,Fossil,mt_vote,2026-03-19T13:15:33,,,,,en,en,en,Fossil
relation,en,Gerent,Gerent,Manager,Manager,Manager,0.9,0.0,0.0,0.0,0,0,0,Manager,Manager,mt_vote,2026-03-19T13:15:33,,,,,en,en,en,Manager
relation,en,GerentGeneral,Gerent General,General manager,Gerent General,General Manager,0.9,0.0,0.0,0.0,0,0,0,General manager,General manager,mt_vote,2026-03-19T13:15:34,,,,,en,en,en,GeneralManager
relation,en,Grans,Grans,Large,Grans,Grains,0.9,0.0,0.0,0.0,0,0,0,Grans,Grans,mt_vote,2026-03-19T13:15:34,,,,,en,en,en,Grans
relation,en,Greix,Greix,Grease,Grease,Fat,0.9,0.0,0.0,0.0,0,0,0,Grease,Grease,mt_vote,2026-03-19T13:15:34,,,,,en,en,en,Grease
relation,en,GrupÈtnic,Grup Ètnic,Ethnic group,Ethnic Group,Ethnic Group,0.9,0.0,0.0,0.0,0,0,0,Ethnic group,Ethnic group,mt_vote,2026-03-19T13:15:35,,,,,en,en,en,EthnicGroup
relation,en,Guarnició,Guarnició,Garrison,Garnition,Garnish,0.9,0.0,0.0,0.0,0,0,0,Garrison,Garrison,mt_vote,2026-03-19T13:15:35,,,,,en,en,en,Garrison
relation,en,Gènere,Gènere,Gender,Gender,Gender,0.9,1.0,1.0,1.0,1,1,1,Gender,Gender,mt_vote_revoted_gte_langfilter,2026-03-19T13:41:06,0.8460090160369873,0.8460090160369873,0.8460090160369873,nllb,de,de,de,Gender
relation,en,GènereLiterari,Gènere Literari,Literary genre,Genre Literary,Literary Genre,0.9,0.0,0.0,0.0,0,0,0,Genre Literary,Genre Literary,mt_vote_revoted_gte_langfilter,2026-03-19T13:41:06,,0.8237978219985962,,madlad,en,sv,en,GenreLiterary
relation,en,Helicòpter,Helicòpter,Helicopter,Helicopter,Helicopter,0.9,0.0,0.0,0.0,0,0,0,Helicopter,Helicopter,mt_vote,2026-03-19T13:15:37,,,,,en,en,en,Helicopter
relation,en,HidratDeCarboni,Hidrat De Carboni,Hydrate of Carbon,Hidrat de carboni,Carbohydrate,0.9,0.0,0.0,0.0,0,0,0,Hidrat de carboni,Hidrat de carboni,mt_vote_revoted_gte_langfilter,2026-03-19T13:41:06,,0.936246931552887,,madlad,en,ca,en,HidratDeCarboni
relation,en,Himne,Himne,Hymn,Anthem,Anthem,0.9,0.0,0.0,0.0,0,0,0,Anthem,Anthem,mt_vote,2026-03-19T13:15:38,,,,,en,en,en,Anthem
relation,en,HubAeroport,Hub Aeroport,Hub Airport,Hub Aeroport,Hub Airport,0.9,0.8696,1.0,0.8696,0,1,0,Hub Airport,Hub Airport,mt_vote_revoted_gte_langfilter,2026-03-19T13:41:06,0.9582289457321168,1.0,0.9582289457321168,salamandra,pl,pl,pl,HubAirport
relation,en,IataIdentificadorDeLocalització,Iata Identificador De Localització,Location identifier of the yacht,Iata Location Identifier,IATA Location Identifier,0.9,0.0,0.0,0.0,0,0,0,Iata Location Identifier,Iata Location Identifier,mt_vote,2026-03-19T13:15:39,,,,,en,en,en,IataLocationIdentifier
relation,en,IdentificadorDeLocalització,Identificador De Localització,Location identifier,Location Identifier,Location Identifier,0.9,0.0,0.0,0.0,0,0,0,Location identifier,Location identifier,mt_vote,2026-03-19T13:15:40,,,,,en,en,en,LocationIdentifier
relation,en,IdentificadorDeLocalitzacióIcao,Identificador De Localització Icao,Location identifier Icao,Icao Location Identifier,Icao Location Identifier,0.9,0.7917,0.7917,1.0,0,0,1,Icao Location Identifier,Icao Location Identifier,mt_vote_revoted_gte_langfilter,2026-03-19T13:41:06,0.9504244327545166,0.9434291124343872,0.9434291124343872,salamandra,fr,pt,pt,IcaoLocationIdentifier
relation,en,ImdbId,Imdb Id,Imdb id,Imdb Id,Imdb Id,0.9,0.0,0.0,0.0,0,0,0,Imdb id,Imdb id,mt_vote,2026-03-19T13:15:41,,,,,en,en,en,ImdbId
relation,en,Indústria,Indústria,Manufacturing,Industry 10.0 10.0 10.0 10.0 10.0 10.0 10.0 10.0 10.0 10.0 10.0 10.0 10,Industry,0.9,0.0,0.0,0.0,0,0,0,Industry,Industry,mt_vote_revoted_gte_langfilter,2026-03-19T13:41:06,,,0.9461102485656738,salamandra,en,en,et,Industry
relation,en,Infant,Infant,Child,Infant,Infant,0.9,0.0,0.0,0.0,0,0,0,Infant,Infant,mt_vote,2026-03-19T13:15:43,,,,,en,en,en,Infant
relation,en,InfluenciatPer,Influenciat Per,Influenced by,Influenced By,Influenced By,0.9,0.0,0.0,0.0,0,0,0,Influenced by,Influenced by,mt_vote,2026-03-19T13:15:44,,,,,en,en,en,InfluencedBy
relation,en,Ingredient,Ingredient,Ingredient,Ingredient,Ingredient,0.9,1.0,1.0,1.0,1,1,1,Ingredient,Ingredient,mt_vote_revoted_gte_langfilter,2026-03-19T13:41:06,1.000000238418579,1.000000238418579,1.000000238418579,nllb,de,de,de,Ingredient
relation,en,Ingressos,Ingressos,Revenue,Ingressos,Revenue,0.9,0.0,0.0,0.0,0,0,0,Revenue,Revenue,mt_vote,2026-03-19T13:15:45,,,,,en,en,en,Revenue
relation,en,IngressosNets,Ingressos Nets,Net income,Tickets for Nets,Net Income,0.9,0.0,0.0,0.0,0,0,0,Net income,Net income,mt_vote_revoted_gte_langfilter,2026-03-19T13:41:06,0.5942103266716003,,,nllb,da,en,en,NetIncome
relation,en,IngressosOperatius,Ingressos Operatius,Operating income,Operating income,Operating Income,0.9,0.0,0.0,0.0,0,0,0,Operating income,Operating income,mt_vote,2026-03-19T13:15:46,,,,,en,en,en,OperatingIncome
relation,en,Inquilí,Inquilí,Tenant,Inquilí,Tenant,0.9,0.0,0.0,0.0,0,0,0,Inquilí,Inquilí,mt_vote_revoted_gte_langfilter,2026-03-19T13:41:06,,1.0000001192092896,,madlad,en,cs,en,Inquilí
relation,en,Instrument,Instrument,The instrument,Instrument,Instrument,0.9,0.0,0.0,0.0,0,0,0,Instrument,Instrument,mt_vote,2026-03-19T13:15:47,,,,,en,en,en,Instrument
relation,en,Jurisdicció,Jurisdicció,Jurisdiction,Jurisdiction,Jurisdiction,0.9,0.0,0.0,0.0,0,0,0,Jurisdiction,Jurisdiction,mt_vote,2026-03-19T13:15:47,,,,,en,en,en,Jurisdiction
relation,en,LaMajoriaDeCampions,La Majoria De Campions,Most of the Champions,The majority of champions,Most Champions,0.9,0.0,0.0,0.0,0,0,0,Most of the Champions,Most of the Champions,mt_vote,2026-03-19T13:15:48,,,,,en,en,en,MostOfTheChampions
relation,en,LançamentDeVaixell,Lançament De Vaixell,Launched by Vaixell,Ship Launch,Boat Launch,0.9,0.0,0.0,0.0,0,0,0,Ship Launch,Ship Launch,mt_vote,2026-03-19T13:15:48,,,,,en,en,en,ShipLaunch
relation,en,Legislatura,Legislatura,Legislation,Legislature,Legislature,0.9,0.0,0.0,0.0,0,0,0,Legislature,Legislature,mt_vote,2026-03-19T13:15:49,,,,,en,en,en,Legislature
relation,en,Lema,Lema,Lema,Lema,Motto,0.9,0.0,0.0,0.0,0,0,0,Lema,Lema,mt_vote,2026-03-19T13:15:50,,,,,en,en,en,Lema
relation,en,LlançamentsFallits,Llançaments Fallits,Failed launches,Failed Launches,Failed Releases,0.9,0.0,0.0,0.0,0,0,0,Failed launches,Failed launches,mt_vote,2026-03-19T13:15:50,,,,,en,en,en,FailedLaunches
relation,en,Llengua,Llengua,Language,Language,Language,0.9,0.0,0.0,0.0,0,0,0,Language,Language,mt_vote,2026-03-19T13:15:51,,,,,en,en,en,Language
relation,en,LlenguaOficial,Llengua Oficial,Official language,Official language,Official Language,0.9,1.0,1.0,1.0,1,1,1,Official Language,Official Language,mt_vote_revoted_gte_langfilter,2026-03-19T13:41:06,0.8322033882141113,0.8322033882141113,0.8470498919487,salamandra,es,es,es,OfficialLanguage
relation,en,Lliga,Lliga,Get on the phone.,Lliga,League,0.9,0.0,0.0,0.0,0,0,0,League,League,mt_vote,2026-03-19T13:15:51,,,,,en,en,en,League
relation,en,Lloc,Lloc,Location,Location,Location,0.9,0.0,0.0,0.0,0,0,0,Location,Location,mt_vote,2026-03-19T13:15:52,,,,,en,en,en,Location
relation,en,LlocDeFundació,Lloc De Fundació,Location of Foundation,Foundation Place,Foundation Site,0.9,0.0,0.0,0.0,0,0,0,Foundation Site,Foundation Site,mt_vote,2026-03-19T13:15:52,,,,,en,en,en,FoundationSite
relation,en,LlocDeLaMort,Lloc De La Mort,Place of Death,Place of Death,Place Of Death,0.9,0.0,0.0,0.0,0,0,0,Place of Death,Place of Death,mt_vote,2026-03-19T13:15:53,,,,,en,en,en,PlaceOfDeath
relation,en,LlocDeLlançament,Lloc De Llançament,Launch site,Launch Location,Launch Site,0.9,0.0,0.0,0.0,0,0,0,Launch site,Launch site,mt_vote,2026-03-19T13:15:53,,,,,en,en,en,LaunchSite
relation,en,LlocDeNaixement,Lloc De Naixement,Place of Birth,Place of Birth,Place of Birth,0.9,0.0,0.0,0.0,0,0,0,Place of Birth,Place of Birth,mt_vote,2026-03-19T13:15:54,,,,,en,en,en,PlaceOfBirth
relation,en,LlocWeb,Lloc Web,The website,Website,Website,0.9,0.0,0.0,0.0,0,0,0,Website,Website,mt_vote,2026-03-19T13:15:54,,,,,en,en,en,Website
relation,en,LlogatersActuals,Llogaters Actuals,Current tenants,Current Tenants,Current Tenants,0.9,0.0,0.0,0.0,0,0,0,Current tenants,Current tenants,mt_vote,2026-03-19T13:15:55,,,,,en,en,en,CurrentTenants
relation,en,Longitud,Longitud,Length,Longitude,Length,0.9,0.0,0.0,0.0,0,0,0,Longitude,Longitude,mt_vote_revoted_gte_langfilter,2026-03-19T13:41:06,,0.9613958597183228,,madlad,en,et,en,Longitude
relation,en,LongitudDeLa4aPistaEnPeus,Longitud De La4a Pista En Peus,Length of the 4th track,Length Of The 4th Track In Feet,4th Runway Length In Feet,0.9,0.0,0.0,0.0,0,0,0,4th Runway Length In Feet,4th Runway Length In Feet,mt_vote_revoted_gte_langfilter,2026-03-19T13:41:06,,,0.7167773842811584,salamandra,en,en,fr,4thRunwayLengthInFeet
relation,en,LongitudDeLaPista,Longitud De La Pista,Length of the runway,Length of the Track,Runway Length,0.9,0.0,0.0,0.0,0,0,0,Runway Length,Runway Length,mt_vote_revoted_gte_langfilter,2026-03-19T13:41:06,,,0.5922927856445312,salamandra,en,en,fr,RunwayLength
relation,en,LongitudDeLaPrimeraPistaEnPeus,Longitud De La Primera Pista En Peus,Length of the first runway at Peus,Length of First Track in Feet,First Run Length In Feet,0.9,0.0,0.0,0.0,0,0,0,First Run Length In Feet,First Run Length In Feet,mt_vote_revoted_gte_langfilter,2026-03-19T13:41:06,,,0.7299283742904663,salamandra,en,en,fr,FirstRunLengthInFeet
relation,en,Líder,Líder,Leader,Leader,Leader,0.9,0.0,0.0,0.0,0,0,0,Leader,Leader,mt_vote,2026-03-19T13:15:58,,,,,en,en,en,Leader
relation,en,LíderPartit,Líder Partit,Party leader,Party Leader,Leader Party,0.9,0.0,0.0,0.0,0,0,0,Party leader,Party leader,mt_vote,2026-03-19T13:15:58,,,,,en,en,en,PartyLeader
relation,en,LíderTítol,Líder Títol,Leader Title,Leader Title,Leader Title,0.9,0.0,0.0,0.0,0,0,0,Leader Title,Leader Title,mt_vote,2026-03-19T13:15:59,,,,,en,en,en,LeaderTitle
relation,en,MagnitudAbsoluta,Magnitud Absoluta,Absolute magnitude,Absolute Magnitude,Absolute Magnitude,0.9,0.0,0.0,0.0,0,0,0,Absolute magnitude,Absolute magnitude,mt_vote_revoted_gte_langfilter,2026-03-19T13:41:06,0.8956907987594604,,,nllb,et,en,en,AbsoluteMagnitude
relation,en,MaidenFlight,Maiden Flight,Maiden Flight,Maiden Flight,Maiden Flight,0.9,1.0,1.0,1.0,1,1,1,Maiden Flight,Maiden Flight,mt_vote_revoted_gte_langfilter,2026-03-19T13:41:06,1.0,1.0,1.0,nllb,de,de,de,MaidenFlight
relation,en,MaidenVoyage,Maiden Voyage,The Maiden Voyage,Maiden Voyage,Maiden Voyage,0.9,0.0,0.0,1.0,0,0,1,Maiden Voyage,Maiden Voyage,mt_vote_revoted_gte_langfilter,2026-03-19T13:41:06,,1.0,1.0,salamandra,en,de,de,MaidenVoyage
relation,en,Mascota,Mascota,Pets,Mascota,Pet,0.9,0.0,0.0,0.0,0,0,0,Pet,Pet,mt_vote,2026-03-19T13:16:01,,,,,en,en,en,Pet
relation,en,Massa,Massa,Too much,Mass,Mass,0.9,0.0,0.0,0.0,0,0,0,Mass,Mass,mt_vote,2026-03-19T13:16:01,,,,,en,en,en,Mass
relation,en,Material,Material,Materials,Material,Material,0.9,0.0,0.0,0.0,0,0,0,Material,Material,mt_vote,2026-03-19T13:16:02,,,,,en,en,en,Material
relation,en,MembreDeLaBanda,Membre De La Banda,Member of the Band,Member of the band,Band Member,0.9,0.0,0.0,0.0,0,0,0,Member of the Band,Member of the Band,mt_vote,2026-03-19T13:16:02,,,,,en,en,en,MemberOfTheBand
relation,en,MembresDeLaTripulació,Membres De La Tripulació,Members of the Crew,Crew members,Crew Members,0.9,0.0,0.0,0.0,0,0,0,Crew members,Crew members,mt_vote,2026-03-19T13:16:03,,,,,en,en,en,CrewMembers
relation,en,MetreDeLongitudDeLaPrimeraPista,Metre De Longitud De La Primera Pista,Meters of Length of the First Track,Meter Length of the First Track,First Track Metre Of Length,0.9,0.0,0.0,0.0,0,0,0,First Track Metre Of Length,First Track Metre Of Length,mt_vote_revoted_gte_langfilter,2026-03-19T13:41:06,,,0.852558970451355,salamandra,en,en,fr,FirstTrackMetreOfLength
relation,en,MidaDeLaPorció,Mida De La Porció,Measure of the Portion,Serving size,Serving Size,0.9,0.0,0.0,0.0,0,0,0,Serving size,Serving size,mt_vote,2026-03-19T13:16:04,,,,,en,en,en,ServingSize
relation,en,MidaDelPersonalAcadèmic,Mida Del Personal Acadèmic,Measure of Academic Staff,Academic Staff Size,Size of Academic Staff,0.9,0.0,0.0,0.0,0,0,0,Size of Academic Staff,Size of Academic Staff,mt_vote,2026-03-19T13:16:05,,,,,en,en,en,SizeOfAcademicStaff
relation,en,Missió,Missió,Mission,Mission,Mission,0.9,0.0,0.0,0.0,0,0,0,Mission,Mission,mt_vote,2026-03-19T13:16:05,,,,,en,en,en,Mission
relation,en,MitjàDeTransportRelacionat,Mitjà De Transport Relacionat,Related means of transport,Related Transportation,Related Means Of Transport,0.9,0.0,0.0,0.0,0,0,0,Related means of transport,Related means of transport,mt_vote,2026-03-19T13:16:06,,,,,en,en,en,RelatedMeansOfTransport
relation,en,ModelAnyD'Inici,Model Any D'Inici,Model year of inception,Model Start Year,Model Start Year,0.9,0.0,0.0,1.0,0,0,1,Model Start Year,Model Start Year,mt_vote_revoted_gte_langfilter,2026-03-19T13:41:06,,0.7117094397544861,0.7117094397544861,salamandra,en,es,es,ModelStartYear
relation,en,Moneda,Moneda,Currency,Currency,Currency,0.9,0.0,0.0,0.0,0,0,0,Currency,Currency,mt_vote,2026-03-19T13:16:07,,,,,en,en,en,Currency
relation,en,Motor,Motor,Engine,Motor,Motor,0.9,0.0,0.0,0.0,0,0,0,Motor,Motor,mt_vote,2026-03-19T13:16:07,,,,,en,en,en,Motor
relation,en,Municipi,Municipi,Municipality,Municipality,Municipality,0.9,1.0,1.0,1.0,1,1,1,Municipality,Municipality,mt_vote_revoted_gte_langfilter,2026-03-19T13:41:06,0.873846173286438,0.873846173286438,0.873846173286438,nllb,es,es,es,Municipality
relation,en,MunicipiVeí,Municipi Veí,Neighborhood Municipality,Municipality of Veí,Neighboring Municipality,0.9,0.0,0.0,0.0,0,0,0,Neighboring Municipality,Neighboring Municipality,mt_vote_revoted_gte_langfilter,2026-03-19T13:41:06,,,0.7363128662109375,salamandra,en,en,es,NeighboringMunicipality
relation,en,MésAlt,Més Alt,Higher,Highest,Highest,0.9,0.7692,0.7692,1.0,0,0,1,Highest,Highest,mt_vote_revoted_gte_langfilter,2026-03-19T13:41:06,0.7408494353294373,0.6954206228256226,0.6954206228256226,salamandra,sv,sv,sv,Highest
relation,en,MúsicaGenreFusion,Música Genre Fusion,Fusion music,Music genre Fusion,Music Genre Fusion,0.9,0.0,0.0,0.0,0,0,0,Fusion music,Fusion music,mt_vote_revoted_gte_langfilter,2026-03-19T13:41:06,0.8833474516868591,,,nllb,fi,en,en,FusionMusic
relation,en,Nacionalitat,Nacionalitat,Nationality,Nationality,Nationality,0.9,0.0,0.0,0.0,0,0,0,Nationality,Nationality,mt_vote,2026-03-19T13:16:10,,,,,en,en,en,Nationality
relation,en,NomAlternatiu,Nom Alternatiu,Alternative name,Alternate Name,Alternative Name,0.9,0.0,0.0,0.0,0,0,0,Alternative name,Alternative name,mt_vote,2026-03-19T13:16:10,,,,,en,en,en,AlternativeName
relation,en,NomComplet,Nom Complet,Full name,Full Name,Full Name,0.9,0.0,0.0,0.0,0,0,0,Full name,Full name,mt_vote,2026-03-19T13:16:11,,,,,en,en,en,FullName
relation,en,NomD'origen,Nom D'origen,Name of origin,Name of Origin,Name Of Origin,0.9,0.0,0.0,0.0,0,0,0,Name of origin,Name of origin,mt_vote,2026-03-19T13:16:11,,,,,en,en,en,NameOfOrigin
relation,en,NomDeLaPista,Nom De La Pista,Name of the track,Name of the Track,Track Name,0.9,0.0,0.0,0.0,0,0,0,Name of the track,Name of the track,mt_vote,2026-03-19T13:16:12,,,,,en,en,en,NameOfTheTrack
relation,en,NomDeNaixement,Nom De Naixement,Birth name,Name of Birth,Birth Name,0.9,0.0,0.0,0.0,0,0,0,Birth name,Birth name,mt_vote,2026-03-19T13:16:12,,,,,en,en,en,BirthName
relation,en,NomLlarg,Nom Llarg,Long name,Long Name,Long Name,0.9,0.0,0.0,0.0,0,0,0,Long name,Long name,mt_vote,2026-03-19T13:16:12,,,,,en,en,en,LongName
relation,en,NomLlatí,Nom Llatí,Latin name,Latin Name,Latin Name,0.9,0.0,0.0,0.0,0,0,0,Latin name,Latin name,mt_vote,2026-03-19T13:16:13,,,,,en,en,en,LatinName
relation,en,NombreD'Empleats,Nombre D'Empleats,Number of employees,Number of employees,Number of Employees,0.9,0.0,0.0,0.0,0,0,0,Number of employees,Number of employees,mt_vote,2026-03-19T13:16:14,,,,,en,en,en,NumberOfEmployees
relation,en,NombreD'EstudiantsDeGrau,Nombre D'Estudiants De Grau,Number of undergraduate students,Number of Graduate Students,Number of Undergraduates,0.9,0.0,0.0,0.0,0,0,0,Number of undergraduate students,Number of undergraduate students,mt_vote,2026-03-19T13:16:14,,,,,en,en,en,NumberOfUndergraduateStudents
relation,en,NombreD'estudiants,Nombre D'estudiants,Number of students,Number of students,Number of students,0.9,0.0,0.0,0.0,0,0,0,Number of students,Number of students,mt_vote,2026-03-19T13:16:15,,,,,en,en,en,NumberOfStudents
relation,en,NombreD'estudiantsDeDoctorat,Nombre D'estudiants De Doctorat,Number of PhD students,Number Of Doctoral Students,Number of Doctoral Students,0.9,0.0,0.0,0.0,0,0,0,Number Of Doctoral Students,Number Of Doctoral Students,mt_vote,2026-03-19T13:16:16,,,,,en,en,en,NumberOfDoctoralStudents
relation,en,NombreD'estudiantsDePostgrau,Nombre D'estudiants De Postgrau,Number of postgraduate students,Number Of Graduate Students,Number of Postgraduate Students,0.9,0.0,0.0,0.0,0,0,0,Number of postgraduate students,Number of postgraduate students,mt_vote,2026-03-19T13:16:16,,,,,en,en,en,NumberOfPostgraduateStudents
relation,en,NombreDeHabitacions,Nombre De Habitacions,Number of rooms,Number of Bedrooms,Number of Rooms,0.9,0.0,0.0,0.0,0,0,0,Number of rooms,Number of rooms,mt_vote,2026-03-19T13:16:17,,,,,en,en,en,NumberOfRooms
relation,en,NombreDeLocalitzacions,Nombre De Localitzacions,Number of locations,Number Of Locations,Number of Locations,0.9,0.0,0.0,0.0,0,0,0,Number of locations,Number of locations,mt_vote,2026-03-19T13:16:17,,,,,en,en,en,NumberOfLocations
relation,en,NombreDeMembres,Nombre De Membres,Number of Members,Number of Members,Number Of Members,0.9,0.0,0.0,0.0,0,0,0,Number of Members,Number of Members,mt_vote,2026-03-19T13:16:18,,,,,en,en,en,NumberOfMembers
relation,en,NombreDePàgines,Nombre De Pàgines,Number of pages,Number of Pages,Number Of Pages,0.9,0.0,0.0,0.0,0,0,0,Number of pages,Number of pages,mt_vote,2026-03-19T13:16:18,,,,,en,en,en,NumberOfPages
relation,en,NombreDeVotsAssolits,Nombre De Vots Assolits,Number of votes cast,Number Of Votes Received,Number of Votes Cast,0.9,0.0,0.0,0.0,0,0,0,Number Of Votes Received,Number Of Votes Received,mt_vote_revoted_gte_langfilter,2026-03-19T13:41:06,,0.7636599540710449,,madlad,en,de,en,NumberOfVotesReceived
relation,en,NúmeroDeJugador,Número De Jugador,Player number,Number of Players,Player Number,0.9,0.0,0.0,0.0,0,0,0,Player number,Player number,mt_vote,2026-03-19T13:16:20,,,,,en,en,en,PlayerNumber
relation,en,NúmeroDeReferènciaDelRegistreNacionalDeLlocsHistòrics,Número De Referència Del Registre Nacional De Llocs Històrics,Reference number of the National Register of Historic Places,National Register of Historic Places Reference Number,National Register of Historic Places Reference Number,0.9,0.0,0.0,0.0,0,0,0,National Register of Historic Places Reference Number,National Register of Historic Places Reference Number,mt_vote,2026-03-19T13:16:20,,,,,en,en,en,NationalRegisterOfHistoricPlacesReferenceNumber
relation,en,NúmeroEissn,Número Eissn,Eissn number,Eissn number,Eissn number,0.9,1.0,1.0,1.0,1,1,1,Eissn number,Eissn number,mt_vote_revoted_gte_langfilter,2026-03-19T13:41:06,0.9144515991210938,0.9144515991210938,0.9144515991210938,nllb,de,de,de,EissnNumber
relation,en,NúmeroIsbn,Número Isbn,Isbn number,Isbn Number,Isbn number,0.9,0.0,0.0,0.0,0,0,0,Isbn number,Isbn number,mt_vote,2026-03-19T13:16:22,,,,,en,en,en,IsbnNumber
relation,en,NúmeroIssn,Número Issn,Issn number,Issn number,Issn number,0.9,0.0,0.0,0.0,0,0,0,Issn number,Issn number,mt_vote,2026-03-19T13:16:22,,,,,en,en,en,IssnNumber
relation,en,NúmeroLCCN,Número LCCN,LCCN number,LCCN number,LCCN number,0.9,0.0,0.0,0.0,0,0,0,LCCN number,LCCN number,mt_vote,2026-03-19T13:16:23,,,,,en,en,en,LCCNNumber
relation,en,NúmeroOclc,Número Oclc,Number of Oclc,Oclc Number,Oclc Number,0.9,0.0,0.0,0.0,0,0,0,Oclc Number,Oclc Number,mt_vote,2026-03-19T13:16:23,,,,,en,en,en,OclcNumber
relation,en,ObraNotable,Obra Notable,Notable work,Notable work,Notable Work,0.9,1.0,0.0,0.0,1,0,0,Notable work,Notable work,mt_vote_revoted_gte_langfilter,2026-03-19T13:41:06,0.7539490461349487,0.7539490461349487,,nllb,nl,nl,en,NotableWork
relation,en,Ocell,Ocell,Bird,Ocell,Bird,0.9,0.0,0.0,0.0,0,0,0,Bird,Bird,mt_vote,2026-03-19T13:16:24,,,,,en,en,en,Bird
relation,en,Ocupació,Ocupació,Occupation,Occupation,Employment,0.9,0.0,0.0,0.0,0,0,0,Occupation,Occupation,mt_vote,2026-03-19T13:16:25,,,,,en,en,en,Occupation
relation,en,Ocupador,Ocupador,Occupier,Occupation,Employer,0.9,0.0,0.0,0.0,0,0,0,Occupier,Occupier,mt_vote_revoted_gte_langfilter,2026-03-19T13:41:06,0.8998690843582153,,,nllb,de,en,en,Occupier
relation,en,Oficina,Oficina,Office,Office,Office,0.9,0.0,0.0,0.0,0,0,0,Office,Office,mt_vote,2026-03-19T13:16:25,,,,,en,en,en,Office
relation,en,Operador,Operador,Operator,Operator,Operator,0.9,0.0,0.0,0.0,0,0,0,Operator,Operator,mt_vote,2026-03-19T13:16:26,,,,,en,en,en,Operator
relation,en,Ordre,Ordre,Order,Order,Order,0.9,0.0,0.0,0.0,0,0,0,Order,Order,mt_vote,2026-03-19T13:16:26,,,,,en,en,en,Order
relation,en,OrganismeDeGovernDeL'Esport,Organisme De Govern De L'Esport,Sports governing body,Organisme De Govern De L'Esport,Sport Governing Body,0.9,0.0,0.0,0.0,0,0,0,Organisme De Govern De L'Esport,Organisme De Govern De L'Esport,mt_vote_revoted_gte_langfilter,2026-03-19T13:41:06,,1.0,,madlad,en,nl,en,OrganismeDeGovernDeL'Esport
relation,en,OrganitzacióOperativa,Organització Operativa,Operating organization,Operational Organization,Operational Organization,0.9,0.0,0.0,0.0,0,0,0,Operational Organization,Operational Organization,mt_vote,2026-03-19T13:16:28,,,,,en,en,en,OperationalOrganization
relation,en,OrganitzacióPropietària,Organització Propietària,Ownership organization,Owner Organization,Owner Organization,0.9,0.0,0.0,0.0,0,0,0,Owner Organization,Owner Organization,mt_vote,2026-03-19T13:16:28,,,,,en,en,en,OwnerOrganization
relation,en,Origen,Origen,Originally,Origin,Origin,0.9,0.0,0.0,0.0,0,0,0,Origin,Origin,mt_vote,2026-03-19T13:16:28,,,,,en,en,en,Origin
relation,en,OrigenEstilístic,Origen Estilístic,Stylistic origin,Stylistic Origin,Stylistic Origin,0.9,0.0,0.0,0.0,0,0,0,Stylistic origin,Stylistic origin,mt_vote,2026-03-19T13:16:29,,,,,en,en,en,StylisticOrigin
relation,en,ParlatEn,Parlat En,Spoken in,Spoken In,Spoken In,0.9,0.0,0.0,0.0,0,0,0,Spoken in,Spoken in,mt_vote,2026-03-19T13:16:29,,,,,en,en,en,SpokenIn
relation,en,Part,Part,Part,Part,Part,0.9,0.0,0.0,0.0,0,0,0,Part,Part,mt_vote,2026-03-19T13:16:30,,,,,en,en,en,Part
relation,en,País,País,Country,Country,Country,0.9,0.0,0.0,0.0,0,0,0,Country,Country,mt_vote,2026-03-19T13:16:30,,,,,en,en,en,Country
relation,en,PaísOrigen,País Origen,Country of origin,Country of origin,Country of Origin,0.9,0.0,0.0,0.0,0,0,0,Country of origin,Country of origin,mt_vote,2026-03-19T13:16:31,,,,,en,en,en,CountryOfOrigin
relation,en,PedraPreciosa,Pedra Preciosa,The Precious Stone,Pedra Preciosa,Precious stone,0.9,0.0,0.0,0.0,0,0,0,Pedra Preciosa,Pedra Preciosa,mt_vote_revoted_gte_langfilter,2026-03-19T13:41:07,,1.0,,madlad,en,es,en,PedraPreciosa
relation,en,PercentatgeDeLaSuperfícieDeL'Aigua,Percentatge De La Superfície De L'Aigua,Percentage of surface water,Water Surface Percentage,Percentage Of Water Surface,0.9,0.0,0.0,0.0,0,0,0,Percentage Of Water Surface,Percentage Of Water Surface,mt_vote,2026-03-19T13:16:32,,,,,en,en,en,PercentageOfWaterSurface
relation,en,Periàpside,Periàpside,Periapsid,Periapsis,Periapside,0.9,0.0,0.0,0.0,0,0,0,Periapsid,Periapsid,mt_vote,2026-03-19T13:16:33,,,,,en,en,en,Periapsid
relation,en,PersonaClau,Persona Clau,Clever person,Key Person,Key Person,0.9,0.0,0.0,0.0,0,0,0,Key Person,Key Person,mt_vote,2026-03-19T13:16:33,,,,,en,en,en,KeyPerson
relation,en,Personal,Personal,Staff,Personnel 100 000 100 000 100 000 100 000 100 000 100 000 100 000 100 0,Personnel,0.9,0.0,0.0,0.0,0,0,0,Personnel 100 000 100 000 100 000 100 000 100 000 100 000 100 000 100 0,Personnel 100 000 100 000 100 000 100 000 100 000 100 000 100 000 100 0,mt_vote_revoted_gte_langfilter,2026-03-19T13:41:07,,0.5742170810699463,,madlad,en,it,en,Personnel1000001000001000001000001000001000001000001000
relation,en,PeríodeDeRotació,Període De Rotació,Period of rotation,Rotation Period,Period Of Rotation,0.9,0.0,0.0,0.0,0,0,0,Period of rotation,Period of rotation,mt_vote,2026-03-19T13:16:35,,,,,en,en,en,PeriodOfRotation
relation,en,PeríodeOrbital,Període Orbital,Orbital period,Orbital Period,Orbital Period,0.9,0.0,0.0,0.0,0,0,0,Orbital period,Orbital period,mt_vote,2026-03-19T13:16:36,,,,,en,en,en,OrbitalPeriod
relation,en,Pes,Pes,Weight,Pes,Weight,0.9,0.0,0.0,0.0,0,0,0,Weight,Weight,mt_vote,2026-03-19T13:16:36,,,,,en,en,en,Weight
relation,en,PoblacióMetro,Població Metro,Metro population,Metro population,Metro Population,0.9,1.0,1.0,1.0,1,1,1,Metro Population,Metro Population,mt_vote_revoted_gte_langfilter,2026-03-19T13:41:07,0.911207914352417,0.911207914352417,0.9207590818405152,salamandra,eo,eo,it,MetroPopulation
relation,en,PoblacióTotal,Població Total,Total population,Total population,Total Population,0.9,0.0,0.0,0.0,0,0,0,Total population,Total population,mt_vote,2026-03-19T13:16:37,,,,,en,en,en,TotalPopulation
relation,en,PopulacióDensitatMetropolitana,Populació Densitat Metropolitana,Population Metropolitan density,Metropolitan population density,Population Metropolitan Density,0.9,0.6452,1.0,0.6452,0,1,0,Population Metropolitan Density,Population Metropolitan Density,mt_vote_revoted_gte_langfilter,2026-03-19T13:41:07,0.9202839732170104,0.9127103090286256,0.9383790493011476,salamandra,id,eo,sv,PopulationMetropolitanDensity
relation,en,Posició,Posició,Position,Position,Position,0.9,0.0,0.0,0.0,0,0,0,Position,Position,mt_vote,2026-03-19T13:16:38,,,,,en,en,en,Position
relation,en,PotènciaDeVaixell,Potència De Vaixell,Power of Vaixell,Ship Power,Boat Power,0.9,0.0,0.0,0.0,0,0,0,Ship Power,Ship Power,mt_vote,2026-03-19T13:16:39,,,,,en,en,en,ShipPower
relation,en,PreceditPer,Precedit Per,Preceded by,Preceded By,Preceded By,0.9,0.0,0.0,0.0,0,0,0,Preceded by,Preceded by,mt_vote,2026-03-19T13:16:39,,,,,en,en,en,PrecededBy
relation,en,Predecessor,Predecessor,Predecessor,Predecessor,Predecessor,0.9,1.0,1.0,1.0,1,1,1,Predecessor,Predecessor,mt_vote_revoted_gte_langfilter,2026-03-19T13:41:07,1.0,1.0,1.0,nllb,es,es,es,Predecessor
relation,en,Premi,Premi,Award,Prizes,Award,0.9,0.0,0.0,0.0,0,0,0,Prizes,Prizes,mt_vote_revoted_gte_langfilter,2026-03-19T13:41:07,,0.8421837091445923,,madlad,en,pl,en,Prizes
relation,en,PremiDeCinta,Premi De Cinta,Film award,Ribbon Award,Ribbon Award,0.9,0.0,0.0,0.0,0,0,0,Ribbon Award,Ribbon Award,mt_vote,2026-03-19T13:16:41,,,,,en,en,en,RibbonAward
relation,en,Premis,Premis,Prizes,Awards,Awards,0.9,0.0,0.0,0.0,0,0,0,Prizes,Prizes,mt_vote_revoted_gte_langfilter,2026-03-19T13:41:07,0.9117931127548218,,,nllb,pl,en,en,Prizes
relation,en,President,President,Chairman,President,President,0.9,0.0,0.0,0.0,0,0,0,Chairman,Chairman,mt_vote_revoted_gte_langfilter,2026-03-19T13:41:07,0.8070465326309204,,,nllb,fr,en,en,Chairman
relation,en,PresidentTítol,President Títol,President Title,President Title,President Title,0.9,0.0,0.0,0.0,0,0,0,President Title,President Title,mt_vote,2026-03-19T13:16:42,,,,,en,en,en,PresidentTitle
relation,en,Pressupost,Pressupost,Budget,Budget,Budget,0.9,0.0,0.0,0.0,0,0,0,Budget,Budget,mt_vote,2026-03-19T13:16:43,,,,,en,en,en,Budget
relation,en,PrimerAnyDePublicació,Primer Any De Publicació,First year of publication,First Year Of Publication,First Year Of Publication,0.9,0.0,0.0,0.0,0,0,0,First year of publication,First year of publication,mt_vote,2026-03-19T13:16:43,,,,,en,en,en,FirstYearOfPublication
relation,en,PrimeraAparicióEnPel·Lícula,Primera Aparició En Pel·Lícula,First film appearance,First appearance in movie,First Movie Appearance,0.9,0.0,0.0,0.0,0,0,0,First Movie Appearance,First Movie Appearance,mt_vote_revoted_gte_langfilter,2026-03-19T13:41:07,,,0.8217555284500122,salamandra,en,en,de,FirstMovieAppearance
relation,en,PrimeraEmissió,Primera Emissió,First broadcast,First Issue,First Broadcast,0.9,0.0,0.0,0.0,0,0,0,First broadcast,First broadcast,mt_vote,2026-03-19T13:16:44,,,,,en,en,en,FirstBroadcast
relation,en,PrincipalIngredient,Principal Ingredient,The main ingredient,Main Ingredient,Main Ingredient,0.9,0.0,0.0,1.0,0,0,1,Main Ingredient,Main Ingredient,mt_vote_revoted_gte_langfilter,2026-03-19T13:41:07,,0.77935391664505,0.77935391664505,salamandra,en,de,de,MainIngredient
relation,en,ProduccióFinD'any,Producció Fin D'any,Production End of year,Production Fin D'any,New Year's Eve Production,0.9,0.0,0.0,0.0,0,0,0,Production Fin D'any,Production Fin D'any,mt_vote,2026-03-19T13:16:46,,,,,en,en,en,ProductionFinD'any
relation,en,ProduccióTotal,Producció Total,Total production,Total production,Total Production,0.9,0.0,0.0,0.0,0,0,0,Total production,Total production,mt_vote,2026-03-19T13:16:46,,,,,en,en,en,TotalProduction
relation,en,Producte,Producte,Product,Product,Product,0.9,0.0,0.0,0.0,0,0,0,Product,Product,mt_vote,2026-03-19T13:16:46,,,,,en,en,en,Product
relation,en,Productor,Productor,Producer,Producer,Producer,0.9,0.0,0.0,0.0,0,0,0,Producer,Producer,mt_vote,2026-03-19T13:16:47,,,,,en,en,en,Producer
relation,en,Professió,Professió,Profession,Occupation,Occupation,0.9,0.0,0.0,0.0,0,0,0,Occupation,Occupation,mt_vote,2026-03-19T13:16:47,,,,,en,en,en,Occupation
relation,en,ProjecteDeL'equip,Projecte De L'equip,Project of the team,Team Project,Team Project,0.9,0.0,0.0,0.0,0,0,0,Team Project,Team Project,mt_vote,2026-03-19T13:16:48,,,,,en,en,en,TeamProject
relation,en,ProjecteDeRonda,Projecte De Ronda,The Ronda Project,Projecte De Ronda,Proyecto De Ronda,0.9,0.0,0.0,0.8824,0,0,0,Projecte De Ronda,Projecte De Ronda,mt_vote_revoted_gte_langfilter,2026-03-19T13:41:07,,1.0,0.9731324911117554,madlad,en,nl,es,ProjecteDeRonda
relation,en,ProjecteDeVaixell,Projecte De Vaixell,The Vaixell Project,Ship project,Boat Project,0.9,0.0,0.0,0.0,0,0,0,Ship project,Ship project,mt_vote,2026-03-19T13:16:49,,,,,en,en,en,ShipProject
relation,en,ProjecteSignificatiu,Projecte Significatiu,Significant project,Significant Project,Significant Project,0.9,1.0,1.0,1.0,1,1,1,Significant Project,Significant Project,mt_vote_revoted_gte_langfilter,2026-03-19T13:41:07,0.8120156526565552,0.866757869720459,0.866757869720459,madlad,fr,fr,fr,SignificantProject
relation,en,Propietari,Propietari,Owner,Owner,Owner,0.9,0.0,0.0,0.0,0,0,0,Owner,Owner,mt_vote,2026-03-19T13:16:50,,,,,en,en,en,Owner
relation,en,ProtagonitzadaPer,Protagonitzada Per,Starring,Starring,Starring By,0.9,0.0,0.0,0.0,0,0,0,Starring,Starring,mt_vote,2026-03-19T13:16:50,,,,,en,en,en,Starring
relation,en,Proteïna,Proteïna,Proteins,Protein,Protein,0.9,0.9333,0.9333,1.0,1,1,1,Protein,Protein,mt_vote_revoted_gte_langfilter,2026-03-19T13:41:07,0.8516882658004761,0.8695927858352661,0.8695927858352661,madlad,de,de,de,Protein
relation,en,PàginaD'IniciDeL'Usuari,Pàgina D'Inici De L'Usuari,User's home page,User Home Page,User Home Page,0.9,0.0,0.0,0.0,0,0,0,User Home Page,User Home Page,mt_vote,2026-03-19T13:16:51,,,,,en,en,en,UserHomePage
relation,en,QuarterGeneral,Quarter General,Headquarters,Quarter General,Headquarters,0.9,0.5185,1.0,0.5185,0,1,0,Headquarters,Headquarters,mt_vote_revoted_gte_langfilter,2026-03-19T13:41:07,0.6767939329147339,1.0,0.6767939329147339,salamandra,de,de,de,Headquarters
relation,en,RangMilitar,Rang Militar,Military rank,Military rank,Military Rank,0.9,0.0,0.0,0.0,0,0,0,Military rank,Military rank,mt_vote,2026-03-19T13:16:52,,,,,en,en,en,MilitaryRank
relation,en,Rector,Rector,Rector,Rector,Rector,0.9,0.0,0.0,0.0,0,0,0,Rector,Rector,mt_vote,2026-03-19T13:16:53,,,,,en,en,en,Rector
relation,en,ReferènciaDeLaGraella,Referència De La Graella,Reference from La Graella,Grid Reference,Grill Reference,0.9,0.0,0.0,0.0,0,0,0,Grid Reference,Grid Reference,mt_vote,2026-03-19T13:16:53,,,,,en,en,en,GridReference
relation,en,RegistratsEn,Registrats En,Registered in,Registered In,Registered In,0.9,0.0,0.0,0.0,0,0,0,Registered in,Registered in,mt_vote,2026-03-19T13:16:54,,,,,en,en,en,RegisteredIn
relation,en,Regió,Regió,Region,Region,Region,0.9,0.0,0.0,0.0,0,0,0,Region,Region,mt_vote,2026-03-19T13:16:54,,,,,en,en,en,Region
relation,en,RegióServida,Regió Servida,Region Served,Region served,Region Served,0.9,0.0,0.0,0.0,0,0,0,Region Served,Region Served,mt_vote,2026-03-19T13:16:55,,,,,en,en,en,RegionServed
relation,en,Relacionat,Relacionat,Related,Related,Related,0.9,0.0,0.0,0.0,0,0,0,Related,Related,mt_vote,2026-03-19T13:16:55,,,,,en,en,en,Related
relation,en,Religió,Religió,Religion,Religion,Religion,0.9,1.0,1.0,1.0,1,1,1,Religion,Religion,mt_vote_revoted_gte_langfilter,2026-03-19T13:41:07,0.9148234128952026,0.9148234128952026,0.9148234128952026,nllb,da,da,da,Religion
relation,en,Representatiu,Representatiu,Representative,Representative,Representative,0.9,0.0,0.0,0.0,0,0,0,Representative,Representative,mt_vote,2026-03-19T13:16:56,,,,,en,en,en,Representative
relation,en,Residència,Residència,Residence,Residence,Residence,0.9,0.0,0.0,0.0,0,0,0,Residence,Residence,mt_vote,2026-03-19T13:16:56,,,,,en,en,en,Residence
relation,en,Riuwaters_World-Class.Kgm,Riuwaters World-Class.Kgm,Riuwaters World-Class.Kgm,Riuwaters World-Class.Kgm,Riuwaters World-Class.Kgm,0.9,1.0,1.0,1.0,1,1,1,Riuwaters World-Class.Kgm,Riuwaters World-Class.Kgm,mt_vote_revoted_gte_langfilter,2026-03-19T13:41:07,1.0000001192092896,1.0000001192092896,1.0000001192092896,nllb,pl,pl,pl,RiuwatersWorld-Class.Kgm
relation,en,RocketAssociat,Rocket Associat,Rocket Associated,Rocket Associat,Rocket Associate,0.9,0.0,0.0,0.0,0,0,0,Rocket Associate,Rocket Associate,mt_vote,2026-03-19T13:16:58,,,,,en,en,en,RocketAssociate
relation,en,S'HaAfegitAlRegistreNacionalDeLlocsHistòrics,S'Ha Afegit Al Registre Nacional De Llocs Històrics,Added to the National Register of Historic Places,Added to the National Register of Historic Places,Added to the National Register of Historic Places,0.9,0.0,0.0,0.0,0,0,0,Added to the National Register of Historic Places,Added to the National Register of Historic Places,mt_vote,2026-03-19T13:16:59,,,,,en,en,en,AddedToTheNationalRegisterOfHistoricPlaces
relation,en,Sant,Sant,Saint,Sant,Holy,0.9,0.0,0.0,0.0,0,0,0,Saint,Saint,mt_vote,2026-03-19T13:17:00,,,,,en,en,en,Saint
relation,en,SantPatró,Sant Patró,Saint Pater,Sant Patró,Holy Patron,0.9,0.0,0.0,0.0,0,0,0,Sant Patró,Sant Patró,mt_vote_revoted_gte_langfilter,2026-03-19T13:41:07,,1.0000001192092896,,madlad,en,pl,en,SantPatró
relation,en,SeguitPer,Seguit Per,Followed by,Followed By,Followed By,0.9,0.0,0.0,0.0,0,0,0,Followed by,Followed by,mt_vote,2026-03-19T13:17:01,,,,,en,en,en,FollowedBy
relation,en,SeleccionatPerLaNasa,Seleccionat Per La Nasa,Selected by NASA,Selected By NASA,Selected by NASA,0.9,0.0,0.0,0.0,0,0,0,Selected by NASA,Selected by NASA,mt_vote,2026-03-19T13:17:01,,,,,en,en,en,SelectedByNASA
relation,en,Senadors,Senadors,Senators,Senators,Senators,0.9,1.0,1.0,1.0,1,1,1,Senators,Senators,mt_vote_revoted_gte_langfilter,2026-03-19T13:41:07,0.9424868822097778,0.9424868822097778,0.9424868822097778,nllb,it,it,it,Senators
relation,en,Servei,Servei,I served,Service,Service,0.9,0.0,0.0,0.0,0,0,0,Service,Service,mt_vote,2026-03-19T13:17:02,,,,,en,en,en,Service
relation,en,ServeiAnyD'inici,Servei Any D'inici,Service Starting year,Service Year Start,Service Year Started,0.9,0.0,0.0,0.0,0,0,0,Service Year Started,Service Year Started,mt_vote_revoted_gte_langfilter,2026-03-19T13:41:07,,,0.793289840221405,salamandra,en,en,de,ServiceYearStarted
relation,en,Servit,Servit,Served,Served,Served,0.9,0.0,0.0,0.0,0,0,0,Served,Served,mt_vote,2026-03-19T13:17:03,,,,,en,en,en,Served
relation,en,Significat,Significat,Meaning,Significant,Meaning,0.9,0.0,0.0,0.0,0,0,0,Meaning,Meaning,mt_vote,2026-03-19T13:17:04,,,,,en,en,en,Meaning
relation,en,Sobrenom,Sobrenom,Last name,Nickname,Nickname,0.9,0.0,0.0,1.0,0,0,1,Nickname,Nickname,mt_vote_revoted_gte_langfilter,2026-03-19T13:41:07,,0.7494982481002808,0.7494982481002808,salamandra,en,sv,sv,Nickname
relation,en,SubgènereDeMúsica,Subgènere De Música,Subgenre of music,Music Subgenre,Musical Subgenre,0.9,0.0,0.0,0.0,0,0,0,Music Subgenre,Music Subgenre,mt_vote,2026-03-19T13:17:05,,,,,en,en,en,MusicSubgenre
relation,en,Subsidiària,Subsidiària,Subsidiary,Subsidiary,Subsidiary,0.9,1.0,1.0,1.0,1,1,1,Subsidiary,Subsidiary,mt_vote_revoted_gte_langfilter,2026-03-19T13:41:07,0.9298098087310792,0.9298098087310792,0.9298098087310792,nllb,es,es,es,Subsidiary
relation,en,Successor,Successor,Successor,Successor,Successor,0.9,0.0,0.0,0.0,0,0,0,Successor,Successor,mt_vote,2026-03-19T13:17:06,,,,,en,en,en,Successor
relation,en,Sèrie,Sèrie,Serious,Series,Series,0.9,0.0,0.0,0.0,0,0,0,Series,Series,mt_vote,2026-03-19T13:17:06,,,,,en,en,en,Series
relation,en,Temperatura,Temperatura,Temperature,Temperature,Temperature,0.9,0.0,0.0,0.0,0,0,0,Temperature,Temperature,mt_vote,2026-03-19T13:17:06,,,,,en,en,en,Temperature
relation,en,TemperaturaDeServir,Temperatura De Servir,Serving Temperature,Temperature of Serving,Serving Temperature,0.9,0.0,0.0,0.0,0,0,0,Serving Temperature,Serving Temperature,mt_vote,2026-03-19T13:17:07,,,,,en,en,en,ServingTemperature
relation,en,TemperaturaMitjana,Temperatura Mitjana,Average temperature,Average Temperature,Average Temperature,0.9,0.0,0.0,0.0,0,0,0,Average temperature,Average temperature,mt_vote,2026-03-19T13:17:08,,,,,en,en,en,AverageTemperature
relation,en,TemperaturaMàxima,Temperatura Màxima,Temperature at peak,Maximum Temperature,Maximum Temperature,0.9,0.0,0.0,1.0,0,0,1,Maximum Temperature,Maximum Temperature,mt_vote_revoted_gte_langfilter,2026-03-19T13:41:07,,0.91353440284729,0.91353440284729,salamandra,en,de,de,MaximumTemperature
relation,en,TemperaturaMínima,Temperatura Mínima,Temperature at lowest point,Minimum Temperature,Minimum Temperature,0.9,0.0,0.0,1.0,0,0,1,Minimum Temperature,Minimum Temperature,mt_vote_revoted_gte_langfilter,2026-03-19T13:41:07,,0.8968836665153503,0.8968836665153503,salamandra,en,de,de,MinimumTemperature
relation,en,Temporada,Temporada,Season,Season,Season,0.9,0.0,0.0,0.0,0,0,0,Season,Season,mt_vote,2026-03-19T13:17:10,,,,,en,en,en,Season
relation,en,TempsAL'espai,Temps AL'espai,Time in space,Time IN Space,Time IN Space,0.9,0.0,0.0,0.0,0,0,0,Time in space,Time in space,mt_vote,2026-03-19T13:17:10,,,,,en,en,en,TimeInSpace
relation,en,TempsD'execució,Temps D'execució,Running time,Runtime,Runtime,0.9,0.0,0.0,0.0,0,0,0,Runtime,Runtime,mt_vote,2026-03-19T13:17:10,,,,,en,en,en,Runtime
relation,en,Terra,Terra,Earth,Terra,Earth,0.9,0.0,0.0,0.0,0,0,0,Earth,Earth,mt_vote,2026-03-19T13:17:11,,,,,en,en,en,Earth
relation,en,Tipus,Tipus,Types,Type,Type,0.9,0.0,0.0,0.0,0,0,0,Type,Type,mt_vote,2026-03-19T13:17:11,,,,,en,en,en,Type
relation,en,TipusD'edifici,Tipus D'edifici,Types of building,Type of building,Type of building,0.9,0.0,0.0,0.0,0,0,0,Type of building,Type of building,mt_vote,2026-03-19T13:17:12,,,,,en,en,en,TypeOfBuilding
relation,en,TipusDeGovern,Tipus De Govern,Types of Government,Type of Government,Type Of Government,0.9,0.0,0.0,0.0,0,0,0,Type of Government,Type of Government,mt_vote,2026-03-19T13:17:12,,,,,en,en,en,TypeOfGovernment
relation,en,TipusDeMitjans,Tipus De Mitjans,Types of Means,Media Type,Media Type,0.9,0.0,0.0,0.0,0,0,0,Media Type,Media Type,mt_vote,2026-03-19T13:17:13,,,,,en,en,en,MediaType
relation,en,TipusDePart,Tipus De Part,Types of Part,Type of delivery,Type Of Part,0.9,0.0,0.0,0.0,0,0,0,Types of Part,Types of Part,mt_vote,2026-03-19T13:17:13,,,,,en,en,en,TypesOfPart
relation,en,TipusDePotència,Tipus De Potència,Types of Power,Power Type,Power Type,0.9,0.0,0.0,0.0,0,0,0,Power Type,Power Type,mt_vote,2026-03-19T13:17:14,,,,,en,en,en,PowerType
relation,en,TipusDeSuperfícieDeLa3aPista,Tipus De Superfície De La3a Pista,Surface types of the third runway,Surface Type Of The 3rd Track,Type of surface of the third runway,0.9,0.0,0.0,0.0,0,0,0,Surface types of the third runway,Surface types of the third runway,mt_vote,2026-03-19T13:17:15,,,,,en,en,en,SurfaceTypesOfTheThirdRunway
relation,en,TipusDeSuperfícieDeLa4aPista,Tipus De Superfície De La4a Pista,Surface types of the 4th runway,Surface Type Of The 4th Track,Type of surface of the fourth runway,0.9,0.0,0.0,0.0,0,0,0,Surface types of the 4th runway,Surface types of the 4th runway,mt_vote,2026-03-19T13:17:16,,,,,en,en,en,SurfaceTypesOfThe4thRunway
relation,en,TipusDeSuperfícieDeLa5aPista,Tipus De Superfície De La5a Pista,Surface types of the 5th runway,Surface Type Of The 5th Track,Type of Surface of the 5th Track,0.9,0.0,0.0,0.0,0,0,0,Surface Type Of The 5th Track,Surface Type Of The 5th Track,mt_vote,2026-03-19T13:17:17,,,,,en,en,en,SurfaceTypeOfThe5thTrack
relation,en,TipusDeSuperfícieDeLaPrimeraPista,Tipus De Superfície De La Primera Pista,Surface Types of the First Clue,Type Of Surface Of The First Track,Type Of Surface Of The First Track,0.9,0.0,0.0,0.0,0,0,0,Type Of Surface Of The First Track,Type Of Surface Of The First Track,mt_vote,2026-03-19T13:17:17,,,,,en,en,en,TypeOfSurfaceOfTheFirstTrack
relation,en,TipusDeSuperfícieDeLaSegonaPista,Tipus De Superfície De La Segona Pista,Surface Types of the Second Track,Second Track Surface Type,Type Of Second Runway Surface,0.9,0.0,0.0,0.0,0,0,0,Type Of Second Runway Surface,Type Of Second Runway Surface,mt_vote,2026-03-19T13:17:18,,,,,en,en,en,TypeOfSecondRunwaySurface
relation,en,TipusDeSuperfícieDePista,Tipus De Superfície De Pista,Type of runway surface,Type of Track Surface,Runway Surface Type,0.9,0.0,0.0,0.0,0,0,0,Type of runway surface,Type of runway surface,mt_vote,2026-03-19T13:17:19,,,,,en,en,en,TypeOfRunwaySurface
relation,en,TotalDeL'Àrea,Total De L'Àrea,Total area,Total Area,Total Area,0.9,0.0,0.0,0.0,0,0,0,Total area,Total area,mt_vote,2026-03-19T13:17:19,,,,,en,en,en,TotalArea
relation,en,TotalDeLlançaments,Total De Llançaments,Total launches,Total Releases,Total Releases,0.9,0.0,0.0,0.0,0,0,0,Total launches,Total launches,mt_vote_revoted_gte_langfilter,2026-03-19T13:41:07,0.709859311580658,,,nllb,lt,en,en,TotalLaunches
relation,en,Transmissió,Transmissió,Broadcasting,Transmission,Transmission,0.9,0.0,0.0,0.0,0,0,0,Transmission,Transmission,mt_vote,2026-03-19T13:17:20,,,,,en,en,en,Transmission
relation,en,TransmèsPer,Transmès Per,"== sync, corrected by elderman ==",Transmitted By,Transmitted By,0.9,0.0,0.0,1.0,0,0,1,Transmitted By,Transmitted By,mt_vote_revoted_gte_langfilter,2026-03-19T13:41:07,,0.8036305904388428,0.8036305904388428,salamandra,en,fi,fi,TransmittedBy
relation,en,Trèvols,Trèvols,Troubles,Trèvols,Clovers,0.9,0.0,0.0,0.0,0,0,0,Trèvols,Trèvols,mt_vote_revoted_gte_langfilter,2026-03-19T13:41:07,,1.0000001192092896,,madlad,en,fr,en,Trèvols
relation,en,TéAlSeuNord,Té Al Seu Nord,He's got the North Chair.,It's In Its North,It Has Its North,0.9,0.0,0.0,0.0,0,0,0,It's In Its North,It's In Its North,mt_vote,2026-03-19T13:17:22,,,,,en,en,en,It'sInItsNorth
relation,en,TéCapAL'Oest,Té Cap AL'Oest,It's heading west.,You're heading west.,It has no head to the west,0.9,0.0,0.0,0.0,0,0,0,It's heading west.,It's heading west.,mt_vote,2026-03-19T13:17:23,,,,,en,en,en,It'sHeadingWest.
relation,en,TéElNord-oest,Té El Nord-oest,It's got the Northwest,Tea The Northwest,Has The Northwest,0.9,0.0,0.0,0.0,0,0,0,Tea The Northwest,Tea The Northwest,mt_vote,2026-03-19T13:17:24,,,,,en,en,en,TeaTheNorthwest
relation,en,TéElSud-est,Té El Sud-est,It's got the Southeast,Tea The South-East,Has The Southeast,0.9,0.0,0.0,0.0,0,0,0,Has The Southeast,Has The Southeast,mt_vote,2026-03-19T13:17:24,,,,,en,en,en,HasTheSoutheast
relation,en,TéElSud-oest,Té El Sud-oest,It's got the Southwest,Tea The Southwest,Has The Southwest,0.9,0.0,0.0,0.0,0,0,0,Tea The Southwest,Tea The Southwest,mt_vote,2026-03-19T13:17:25,,,,,en,en,en,TeaTheSouthwest
relation,en,TéUnAdjunt,Té Un Adjunt,He's got an assistant.,Has An Attachment,Has an Adjunct,0.9,0.0,0.0,0.0,0,0,0,Has an Adjunct,Has an Adjunct,mt_vote,2026-03-19T13:17:26,,,,,en,en,en,HasAnAdjunct
relation,en,Títol,Títol,Title,_Title:,Title,0.9,0.0,0.0,0.0,0,0,0,Title,Title,mt_vote,2026-03-19T13:17:26,,,,,en,en,en,Title
relation,en,Ubicació,Ubicació,Location,Location,Location,0.9,0.0,0.0,0.0,0,0,0,Location,Location,mt_vote,2026-03-19T13:17:26,,,,,en,en,en,Location
relation,en,VaRebreL'estatutDeCampusTècnicPer,Va Rebre L'estatut De Campus Tècnic Per,It received the status of Technical Campus by,He received the status of Technical Campus by,It Received The Status Of Technical Campus For,0.9,0.0,0.0,0.0,0,0,0,It received the status of Technical Campus by,It received the status of Technical Campus by,mt_vote,2026-03-19T13:17:27,,,,,en,en,en,ItReceivedTheStatusOfTechnicalCampusBy
relation,en,VaServirComACapDeL'oficinaD'astronautesEn,Va Servir Com ACap De L'oficina D'astronautes En,He served as Acting Chief of the Astronaut Office at,He served as head of the astronaut office in,Served as Head of Astronaut Office in,0.9,0.0,0.0,0.0,0,0,0,He served as head of the astronaut office in,He served as head of the astronaut office in,mt_vote,2026-03-19T13:17:29,,,,,en,en,en,HeServedAsHeadOfTheAstronautOfficeIn
relation,en,VaixellAterrat,Vaixell Aterrat,Landed Vessel,Landed Ship,Ship Landed,0.9,0.0,0.0,0.0,0,0,0,Landed Ship,Landed Ship,mt_vote,2026-03-19T13:17:29,,,,,en,en,en,LandedShip
relation,en,VaixellEnServei,Vaixell En Servei,Ship in Service,Ship In Service,Vessel In Service,0.9,0.0,0.0,0.0,0,0,0,Ship in Service,Ship in Service,mt_vote,2026-03-19T13:17:30,,,,,en,en,en,ShipInService
relation,en,VariacióDelPlat,Variació Del Plat,Variation of the dish,Variation Del Plat,Variation Of The Dish,0.9,0.0,0.0,0.0,0,0,0,Variation of the dish,Variation of the dish,mt_vote,2026-03-19T13:17:30,,,,,en,en,en,VariationOfTheDish
relation,en,VelocitatD'escapament,Velocitat D'escapament,Escape velocity,Escape Speed,Escape Velocity,0.9,0.5926,1.0,0.5926,0,1,0,Escape Velocity,Escape Velocity,mt_vote_revoted_gte_langfilter,2026-03-19T13:41:07,0.7702531218528748,0.7887665033340454,0.8190749883651733,salamandra,es,es,es,EscapeVelocity
relation,en,VelocitatMitjana,Velocitat Mitjana,Average speed,Average Speed,Average speed,0.9,0.0,0.0,0.0,0,0,0,Average speed,Average speed,mt_vote,2026-03-19T13:17:31,,,,,en,en,en,AverageSpeed
relation,en,VelocitatMàxima,Velocitat Màxima,Maximum speed,Maximum Speed,Maximum speed,0.9,1.0,1.0,1.0,1,1,1,Maximum Speed,Maximum Speed,mt_vote_revoted_gte_langfilter,2026-03-19T13:41:07,0.8078888654708862,0.8336272835731506,0.8078888654708862,madlad,de,de,de,MaximumSpeed
relation,en,Veu,Veu,You see,Voice,Voice,0.9,0.0,0.0,0.0,0,0,0,Voice,Voice,mt_vote,2026-03-19T13:17:32,,,,,en,en,en,Voice
relation,en,Vicerector,Vicerector,Vice Principal,Vice-Rector,Vice-Rector,0.9,0.48,0.48,1.0,0,0,1,Vice-Rector,Vice-Rector,mt_vote_revoted_gte_langfilter,2026-03-19T13:41:07,0.8772082328796387,0.9723384976387024,0.9723384976387024,salamandra,es,mt,mt,Vice-Rector
relation,en,VolFinal,Vol Final,Final flight,Final Flight,Final Flight,0.9,0.0,0.0,0.0,0,0,0,Final flight,Final flight,mt_vote,2026-03-19T13:17:33,,,,,en,en,en,FinalFlight
relation,en,ZonaHorària,Zona Horària,Time zone,Time Zone,Time Zone,0.9,0.0,0.0,0.0,0,0,0,Time zone,Time zone,mt_vote_revoted_gte_langfilter,2026-03-19T13:41:07,0.7662010192871094,,,nllb,pl,en,en,TimeZone
relation,en,Àlbum,Àlbum,The album,Album,Album,0.9,0.0,0.0,0.0,0,0,0,Album,Album,mt_vote,2026-03-19T13:17:34,,,,,en,en,en,Album
relation,en,ÀreaD'aigua,Àrea D'aigua,Area of water,Water Area,Water Area,0.9,0.0,0.0,0.0,0,0,0,Water Area,Water Area,mt_vote,2026-03-19T13:17:35,,,,,en,en,en,WaterArea
relation,en,ÀreaDeSuperfície,Àrea De Superfície,Area Surface area,Surface Area,Area Of Surface,0.9,0.0,0.0,0.0,0,0,0,Area Surface area,Area Surface area,mt_vote,2026-03-19T13:17:35,,,,,en,en,en,AreaSurfaceArea
relation,en,ÀreaDeTerra,Àrea De Terra,Area of land,Land Area,Area Of Land,0.9,0.0,0.0,0.0,0,0,0,Area of land,Area of land,mt_vote,2026-03-19T13:17:36,,,,,en,en,en,AreaOfLand
relation,en,ÀreaDelPis,Àrea Del Pis,Area of the floor,Floor Area,Floor Area,0.9,0.0,0.0,1.0,0,0,1,Floor Area,Floor Area,mt_vote_revoted_gte_langfilter,2026-03-19T13:41:07,,0.6107771396636963,0.6107771396636963,salamandra,en,nl,nl,FloorArea
relation,en,ÀreaMetro,Àrea Metro,Metro area,Metro Area,Metro Area,0.9,1.0,1.0,1.0,1,1,1,Metro area,Metro area,mt_vote_revoted_gte_langfilter,2026-03-19T13:41:07,0.9372286200523376,0.9137070178985596,0.9137070178985596,nllb,it,it,it,MetroArea
relation,en,ÀreaUrban,Àrea Urban,Urban area,Urban Area,Urban Area,0.9,0.0,0.0,1.0,0,0,1,Urban Area,Urban Area,mt_vote_revoted_gte_langfilter,2026-03-19T13:41:07,,0.9596395492553712,0.9596395492553712,salamandra,en,hu,hu,UrbanArea
relation,en,Època,Època,Period,Epoch,Period,0.9,0.0,0.0,0.0,0,0,0,Epoch,Epoch,mt_vote_revoted_gte_langfilter,2026-03-19T13:41:07,,0.784683883190155,,madlad,en,pl,en,Epoch
relation,en,ÉsPartD'unConflicteMilitar,És Part D'un Conflicte Militar,It's Part of a Military Conflict,It's part of a military conflict.,Is Part of a Military Conflict,0.9,0.0,0.0,0.0,0,0,0,It's Part of a Military Conflict,It's Part of a Military Conflict,mt_vote,2026-03-19T13:17:38,,,,,en,en,en,It'sPartOfAMilitaryConflict
relation,en,ÉsPartDe,És Part De,It's part of,Is Part Of,It Is Part Of,0.9,0.0,0.0,0.0,0,0,0,It's part of,It's part of,mt_vote,2026-03-19T13:17:39,,,,,en,en,en,It'sPartOf
relation,en,ÒrganDeGovern,Òrgan De Govern,Governing body,Governing Body,Governing Body,0.9,0.0,0.0,0.0,0,0,0,Governing body,Governing body,mt_vote,2026-03-19T13:17:39,,,,,en,en,en,GoverningBody
relation,en,ÚltimaEmissió,Última Emissió,Last broadcast,Last Broadcast,Last Broadcast,0.9,0.0,0.0,0.0,0,0,0,Last broadcast,Last broadcast,mt_vote,2026-03-19T13:17:40,,,,,en,en,en,LastBroadcast
